序号,传输方向,系统时间,时间间隔(ms),ID号(hex),帧类型,帧格式,长度,数据(hex),
12457,接收, 11:11:44.013 ,0,186,标准帧,数据帧,8,0b 00 00 00 00 42 43 00 
12458,接收, 11:11:44.013 ,0,206,标准帧,数据帧,8,07 00 00 00 00 00 00 00 
12459,接收, 11:11:44.013 ,0,386,标准帧,数据帧,8,00 00 00 00 00 00 00 00 
12460,接收, 11:11:44.013 ,0,7B9,标准帧,数据帧,8,0e 02 58 00 00 00 00 00 
12461,接收, 11:11:44.013 ,0,314,标准帧,数据帧,8,01 ff 86 00 00 00 00 00 
12462,接收, 11:11:44.031 ,17,186,标准帧,数据帧,8,0b 00 00 00 00 42 43 00 
12463,接收, 11:11:44.031 ,0,206,标准帧,数据帧,8,07 00 00 00 00 00 00 00 
12464,接收, 11:11:44.031 ,0,386,标准帧,数据帧,8,00 00 00 00 00 00 00 00 
12465,接收, 11:11:44.031 ,0,286,标准帧,数据帧,8,e4 01 ff ff 00 00 00 00 
12466,接收, 11:11:44.031 ,0,18F,标准帧,数据帧,8,01 ff 86 04 ec 00 25 00 
12467,接收, 11:11:44.031 ,0,186,标准帧,数据帧,8,0b 00 00 00 00 42 43 00 
12468,接收, 11:11:44.031 ,0,386,标准帧,数据帧,8,00 00 00 00 00 00 00 00 
12469,接收, 11:11:44.031 ,0,206,标准帧,数据帧,8,07 00 00 00 00 00 00 00 
12470,接收, 11:11:44.031 ,0,7B9,标准帧,数据帧,8,0e 02 58 00 00 00 00 00 
12471,接收, 11:11:44.031 ,0,314,标准帧,数据帧,8,01 ff 86 00 00 00 00 00 
12472,接收, 11:11:44.051 ,19,186,标准帧,数据帧,8,0b 00 00 00 00 42 43 00 
12473,接收, 11:11:44.051 ,0,206,标准帧,数据帧,8,07 00 00 00 00 00 00 00 
12474,接收, 11:11:44.051 ,0,386,标准帧,数据帧,8,00 00 00 00 00 00 00 00 
12475,接收, 11:11:44.051 ,0,286,标准帧,数据帧,8,e4 01 ff ff 00 00 00 00 
12476,接收, 11:11:44.051 ,0,18F,标准帧,数据帧,8,01 ff 86 05 64 00 25 00 
12477,接收, 11:11:44.051 ,0,186,标准帧,数据帧,8,0b 00 00 00 00 42 43 00 
12478,接收, 11:11:44.051 ,0,386,标准帧,数据帧,8,00 00 00 00 00 00 00 00 
12479,接收, 11:11:44.051 ,0,206,标准帧,数据帧,8,07 00 00 00 00 00 00 00 
12480,接收, 11:11:44.051 ,0,7B9,标准帧,数据帧,8,0e 02 58 00 00 00 00 00 
12481,接收, 11:11:44.051 ,0,314,标准帧,数据帧,8,01 ff 86 00 00 00 00 00 
12482,接收, 11:11:44.069 ,17,186,标准帧,数据帧,8,0b 00 00 00 00 42 43 00 
12483,接收, 11:11:44.069 ,0,386,标准帧,数据帧,8,00 00 00 00 00 00 00 00 
12484,接收, 11:11:44.069 ,0,206,标准帧,数据帧,8,07 00 00 00 00 00 00 00 
12485,接收, 11:11:44.069 ,0,286,标准帧,数据帧,8,e4 01 ff ff 00 00 00 00 
12486,接收, 11:11:44.069 ,0,18F,标准帧,数据帧,8,01 ff 86 05 28 00 25 00 
12487,接收, 11:11:44.069 ,0,186,标准帧,数据帧,8,0b 00 00 00 00 42 43 00 
12488,接收, 11:11:44.069 ,0,206,标准帧,数据帧,8,07 00 00 00 00 00 00 00 
12489,接收, 11:11:44.069 ,0,386,标准帧,数据帧,8,00 00 00 00 00 00 00 00 
12490,接收, 11:11:44.069 ,0,7B9,标准帧,数据帧,8,0e 02 58 00 00 00 00 00 
12491,接收, 11:11:44.069 ,0,314,标准帧,数据帧,8,01 ff 86 00 00 00 00 00 
12492,接收, 11:11:44.089 ,19,186,标准帧,数据帧,8,0b 00 00 00 00 42 43 00 
12493,接收, 11:11:44.089 ,0,386,标准帧,数据帧,8,00 00 00 00 00 00 00 00 
12494,接收, 11:11:44.089 ,0,206,标准帧,数据帧,8,07 00 00 00 00 00 00 00 
12495,接收, 11:11:44.089 ,0,286,标准帧,数据帧,8,e4 01 ff ff 00 00 00 00 
12496,接收, 11:11:44.089 ,0,18F,标准帧,数据帧,8,01 ff 86 04 ec 00 25 00 
12497,接收, 11:11:44.089 ,0,186,标准帧,数据帧,8,0b 00 00 00 00 42 43 00 
12498,接收, 11:11:44.089 ,0,386,标准帧,数据帧,8,00 00 00 00 00 00 00 00 
12499,接收, 11:11:44.089 ,0,206,标准帧,数据帧,8,07 00 00 00 00 00 00 00 
12500,接收, 11:11:44.089 ,0,7B9,标准帧,数据帧,8,0e 02 58 00 00 00 00 00 
12501,接收, 11:11:44.089 ,0,314,标准帧,数据帧,8,01 ff 86 00 00 00 00 00 
12502,接收, 11:11:44.109 ,19,186,标准帧,数据帧,8,0b 00 00 00 00 42 43 00 
12503,接收, 11:11:44.109 ,0,386,标准帧,数据帧,8,00 00 00 00 00 00 00 00 
12504,接收, 11:11:44.109 ,0,206,标准帧,数据帧,8,07 00 00 00 00 00 00 00 
12505,接收, 11:11:44.109 ,0,286,标准帧,数据帧,8,e4 01 ff ff 00 00 00 00 
12506,接收, 11:11:44.109 ,0,18F,标准帧,数据帧,8,01 ff 86 04 ec 00 25 00 
12507,接收, 11:11:44.109 ,0,186,标准帧,数据帧,8,0b 00 00 00 00 42 43 00 
12508,接收, 11:11:44.109 ,0,386,标准帧,数据帧,8,00 00 00 00 00 00 00 00 
12509,接收, 11:11:44.109 ,0,206,标准帧,数据帧,8,07 00 00 00 00 00 00 00 
12510,接收, 11:11:44.109 ,0,7B9,标准帧,数据帧,8,0e 02 58 00 00 00 00 00 
12511,接收, 11:11:44.109 ,0,314,标准帧,数据帧,8,01 ff 86 00 00 00 00 00 
12512,接收, 11:11:44.127 ,17,186,标准帧,数据帧,8,0b 00 00 00 00 42 43 00 
12513,接收, 11:11:44.127 ,0,206,标准帧,数据帧,8,07 00 00 00 00 00 00 00 
12514,接收, 11:11:44.127 ,0,386,标准帧,数据帧,8,00 00 00 00 00 00 00 00 
12515,接收, 11:11:44.127 ,0,286,标准帧,数据帧,8,e4 01 00 00 0e 00 00 00 
12516,接收, 11:11:44.127 ,0,18F,标准帧,数据帧,8,01 ff 86 04 ec 00 25 00 
12517,接收, 11:11:44.127 ,0,186,标准帧,数据帧,8,0b 00 00 00 00 42 43 00 
12518,接收, 11:11:44.132 ,5,386,标准帧,数据帧,8,00 00 00 00 00 00 00 00 
12519,接收, 11:11:44.150 ,17,206,标准帧,数据帧,8,07 00 00 00 00 00 00 00 
12520,接收, 11:11:44.150 ,0,7B9,标准帧,数据帧,8,0e 02 58 00 00 00 00 00 
12521,接收, 11:11:44.150 ,0,314,标准帧,数据帧,8,01 ff 86 00 00 00 00 00 
12522,接收, 11:11:44.150 ,0,186,标准帧,数据帧,8,0b 00 00 00 00 42 43 00 
12523,接收, 11:11:44.150 ,0,386,标准帧,数据帧,8,00 00 00 00 00 00 00 00 
12524,接收, 11:11:44.150 ,0,206,标准帧,数据帧,8,07 00 00 00 00 00 00 00 
12525,接收, 11:11:44.150 ,0,286,标准帧,数据帧,8,e4 01 ff ff 0e 00 00 00 
12526,接收, 11:11:44.150 ,0,18F,标准帧,数据帧,8,01 ff 86 05 28 00 25 00 
12527,接收, 11:11:44.150 ,0,186,标准帧,数据帧,8,0b 00 00 00 00 42 43 00 
12528,接收, 11:11:44.150 ,0,386,标准帧,数据帧,8,00 00 00 00 00 00 00 00 
12529,接收, 11:11:44.168 ,17,206,标准帧,数据帧,8,07 00 00 00 00 00 00 00 
12530,接收, 11:11:44.168 ,0,7B9,标准帧,数据帧,8,0e 02 58 00 00 00 00 00 
12531,接收, 11:11:44.168 ,0,314,标准帧,数据帧,8,01 ff 86 00 00 00 00 00 
12532,接收, 11:11:44.168 ,0,186,标准帧,数据帧,8,0b 00 00 00 00 42 43 00 
12533,接收, 11:11:44.168 ,0,206,标准帧,数据帧,8,07 00 00 00 00 00 00 00 
12534,接收, 11:11:44.168 ,0,386,标准帧,数据帧,8,00 00 00 00 00 00 00 00 
12535,接收, 11:11:44.168 ,0,286,标准帧,数据帧,8,e4 01 ff ff 00 00 00 00 
12536,接收, 11:11:44.168 ,0,18F,标准帧,数据帧,8,01 ff 86 04 ec 00 25 00 
12537,接收, 11:11:44.168 ,0,186,标准帧,数据帧,8,0b 00 00 00 00 42 43 00 
12538,接收, 11:11:44.186 ,17,206,标准帧,数据帧,8,07 00 00 00 00 00 00 00 
12539,接收, 11:11:44.186 ,0,386,标准帧,数据帧,8,00 00 00 00 00 00 00 00 
12540,接收, 11:11:44.186 ,0,7B9,标准帧,数据帧,8,0e 02 58 00 00 00 00 00 
12541,接收, 11:11:44.186 ,0,314,标准帧,数据帧,8,01 ff 86 00 00 00 00 00 
12542,接收, 11:11:44.186 ,0,186,标准帧,数据帧,8,0b 00 00 00 00 42 43 00 
12543,接收, 11:11:44.186 ,0,386,标准帧,数据帧,8,00 00 00 00 00 00 00 00 
12544,接收, 11:11:44.186 ,0,206,标准帧,数据帧,8,07 00 00 00 00 00 00 00 
12545,接收, 11:11:44.186 ,0,286,标准帧,数据帧,8,e4 01 ff ff 00 00 00 00 
12546,接收, 11:11:44.186 ,0,18F,标准帧,数据帧,8,01 ff 86 04 ec 00 25 00 
12547,接收, 11:11:44.204 ,17,186,标准帧,数据帧,8,0b 00 00 00 00 42 43 00 
12548,接收, 11:11:44.204 ,0,206,标准帧,数据帧,8,07 00 00 00 00 00 00 00 
12549,接收, 11:11:44.204 ,0,386,标准帧,数据帧,8,00 00 00 00 00 00 00 00 
12550,接收, 11:11:44.204 ,0,7B9,标准帧,数据帧,8,0e 02 58 00 00 00 00 00 
12551,接收, 11:11:44.204 ,0,314,标准帧,数据帧,8,01 ff 86 00 00 00 00 00 
12552,接收, 11:11:44.204 ,0,186,标准帧,数据帧,8,0b 00 00 00 00 42 43 00 
12553,接收, 11:11:44.204 ,0,386,标准帧,数据帧,8,00 00 00 00 00 00 00 00 
12554,接收, 11:11:44.204 ,0,206,标准帧,数据帧,8,07 00 00 00 00 00 00 00 
12555,接收, 11:11:44.204 ,0,286,标准帧,数据帧,8,e4 01 ff ff 00 00 00 00 
12556,接收, 11:11:44.204 ,0,18F,标准帧,数据帧,8,01 ff 86 04 ec 00 25 00 
12557,接收, 11:11:44.221 ,17,186,标准帧,数据帧,8,0b 00 00 00 00 42 43 00 
12558,接收, 11:11:44.221 ,0,206,标准帧,数据帧,8,07 00 00 00 00 00 00 00 
12559,接收, 11:11:44.221 ,0,386,标准帧,数据帧,8,00 00 00 00 00 00 00 00 
12560,接收, 11:11:44.221 ,0,7B9,标准帧,数据帧,8,0e 02 58 00 00 00 00 00 
12561,接收, 11:11:44.221 ,0,314,标准帧,数据帧,8,01 ff 86 00 00 00 00 00 
12562,接收, 11:11:44.221 ,0,186,标准帧,数据帧,8,0b 00 00 00 00 42 43 00 
12563,接收, 11:11:44.221 ,0,386,标准帧,数据帧,8,00 00 00 00 00 00 00 00 
12564,接收, 11:11:44.221 ,0,206,标准帧,数据帧,8,07 00 00 00 00 00 00 00 
12565,接收, 11:11:44.221 ,0,286,标准帧,数据帧,8,e4 01 00 00 00 00 00 00 
12566,接收, 11:11:44.221 ,0,18F,标准帧,数据帧,8,01 ff 86 05 28 00 25 00 
12567,接收, 11:11:44.239 ,17,186,标准帧,数据帧,8,0b 00 00 00 00 42 43 00 
12568,接收, 11:11:44.239 ,0,386,标准帧,数据帧,8,00 00 00 00 00 00 00 00 
12569,接收, 11:11:44.239 ,0,206,标准帧,数据帧,8,07 00 00 00 00 00 00 00 
12570,接收, 11:11:44.239 ,0,7B9,标准帧,数据帧,8,0e 02 58 00 00 00 00 00 
12571,接收, 11:11:44.239 ,0,314,标准帧,数据帧,8,01 ff 86 00 00 00 00 00 
12572,接收, 11:11:44.239 ,0,186,标准帧,数据帧,8,0b 00 00 00 00 42 43 00 
12573,接收, 11:11:44.239 ,0,206,标准帧,数据帧,8,07 00 00 00 00 00 00 00 
12574,接收, 11:11:44.239 ,0,386,标准帧,数据帧,8,00 00 00 00 00 00 00 00 
12575,接收, 11:11:44.254 ,14,286,标准帧,数据帧,8,e4 01 00 00 00 00 00 00 
12576,接收, 11:11:44.254 ,0,18F,标准帧,数据帧,8,01 ff 86 04 ec 00 25 00 
12577,接收, 11:11:44.254 ,0,186,标准帧,数据帧,8,0b 00 00 00 00 42 43 00 
12578,接收, 11:11:44.254 ,0,386,标准帧,数据帧,8,00 00 00 00 00 00 00 00 
12579,接收, 11:11:44.254 ,0,206,标准帧,数据帧,8,07 00 00 00 00 00 00 00 
12580,接收, 11:11:44.254 ,0,7B9,标准帧,数据帧,8,0e 02 58 00 00 00 00 00 
12581,接收, 11:11:44.254 ,0,314,标准帧,数据帧,8,01 ff 86 00 00 00 00 00 
12582,接收, 11:11:44.272 ,17,186,标准帧,数据帧,8,0b 00 00 00 00 42 43 00 
12583,接收, 11:11:44.272 ,0,206,标准帧,数据帧,8,07 00 00 00 00 00 00 00 
12584,接收, 11:11:44.272 ,0,386,标准帧,数据帧,8,00 00 00 00 00 00 00 00 
12585,接收, 11:11:44.272 ,0,286,标准帧,数据帧,8,e4 01 ff ff 00 00 00 00 
12586,接收, 11:11:44.272 ,0,18F,标准帧,数据帧,8,01 ff 86 04 ec 00 25 00 
12587,接收, 11:11:44.272 ,0,186,标准帧,数据帧,8,0b 00 00 00 00 42 43 00 
12588,接收, 11:11:44.272 ,0,386,标准帧,数据帧,8,00 00 00 00 00 00 00 00 
12589,接收, 11:11:44.272 ,0,206,标准帧,数据帧,8,07 00 00 00 00 00 00 00 
12590,接收, 11:11:44.272 ,0,7B9,标准帧,数据帧,8,0e 02 58 00 00 00 00 00 
12591,接收, 11:11:44.272 ,0,314,标准帧,数据帧,8,01 ff 86 00 00 00 00 00 
12592,接收, 11:11:44.290 ,17,186,标准帧,数据帧,8,0b 00 00 00 00 42 43 00 
12593,接收, 11:11:44.290 ,0,386,标准帧,数据帧,8,00 00 00 00 00 00 00 00 
12594,接收, 11:11:44.290 ,0,206,标准帧,数据帧,8,07 00 00 00 00 00 00 00 
12595,接收, 11:11:44.290 ,0,286,标准帧,数据帧,8,e4 01 ff ff 00 00 00 00 
12596,接收, 11:11:44.290 ,0,18F,标准帧,数据帧,8,01 ff 86 04 ec 00 25 00 
12597,接收, 11:11:44.290 ,0,186,标准帧,数据帧,8,0b 00 00 00 00 42 43 00 
12598,接收, 11:11:44.290 ,0,386,标准帧,数据帧,8,00 00 00 00 00 00 00 00 
12599,接收, 11:11:44.290 ,0,206,标准帧,数据帧,8,07 00 00 00 00 00 00 00 
12600,接收, 11:11:44.290 ,0,7B9,标准帧,数据帧,8,0e 02 58 00 00 00 00 00 
12601,接收, 11:11:44.290 ,0,314,标准帧,数据帧,8,01 ff 86 00 00 00 00 00 
12602,接收, 11:11:44.308 ,17,186,标准帧,数据帧,8,0b 00 00 00 00 42 43 00 
12603,接收, 11:11:44.308 ,0,206,标准帧,数据帧,8,07 00 00 00 00 00 00 00 
12604,接收, 11:11:44.308 ,0,386,标准帧,数据帧,8,00 00 00 00 00 00 00 00 
12605,接收, 11:11:44.308 ,0,286,标准帧,数据帧,8,e4 01 ff ff 00 00 00 00 
12606,接收, 11:11:44.308 ,0,18F,标准帧,数据帧,8,01 ff 86 05 28 00 25 00 
12607,接收, 11:11:44.308 ,0,186,标准帧,数据帧,8,0b 00 00 00 00 42 43 00 
12608,接收, 11:11:44.323 ,14,206,标准帧,数据帧,8,07 00 00 00 00 00 00 00 
12609,接收, 11:11:44.323 ,0,386,标准帧,数据帧,8,00 00 00 00 00 00 00 00 
12610,接收, 11:11:44.323 ,0,7B9,标准帧,数据帧,8,0e 02 58 00 00 00 00 00 
12611,接收, 11:11:44.323 ,0,314,标准帧,数据帧,8,01 ff 86 00 00 00 00 00 
12612,接收, 11:11:44.323 ,0,186,标准帧,数据帧,8,0b 00 00 00 00 42 43 00 
12613,接收, 11:11:44.323 ,0,206,标准帧,数据帧,8,07 00 00 00 00 00 00 00 
12614,接收, 11:11:44.323 ,0,386,标准帧,数据帧,8,00 00 00 00 00 00 00 00 
12615,接收, 11:11:44.323 ,0,286,标准帧,数据帧,8,e4 01 00 00 00 00 00 00 
12616,接收, 11:11:44.323 ,0,18F,标准帧,数据帧,8,01 ff 86 04 ec 00 25 00 
12617,接收, 11:11:44.341 ,17,186,标准帧,数据帧,8,0b 00 00 00 00 42 43 00 
12618,接收, 11:11:44.341 ,0,386,标准帧,数据帧,8,00 00 00 00 00 00 00 00 
12619,接收, 11:11:44.341 ,0,206,标准帧,数据帧,8,07 00 00 00 00 00 00 00 
12620,接收, 11:11:44.341 ,0,7B9,标准帧,数据帧,8,0e 02 58 00 00 00 00 00 
12621,接收, 11:11:44.341 ,0,314,标准帧,数据帧,8,01 ff 86 00 00 00 00 00 
12622,接收, 11:11:44.341 ,0,186,标准帧,数据帧,8,0b 00 00 00 00 42 43 00 
12623,接收, 11:11:44.341 ,0,386,标准帧,数据帧,8,00 00 00 00 00 00 00 00 
12624,接收, 11:11:44.341 ,0,206,标准帧,数据帧,8,07 00 00 00 00 00 00 00 
12625,接收, 11:11:44.341 ,0,286,标准帧,数据帧,8,e4 01 00 00 00 00 00 00 
12626,接收, 11:11:44.341 ,0,18F,标准帧,数据帧,8,01 ff 86 05 28 00 25 00 
12627,接收, 11:11:44.359 ,17,186,标准帧,数据帧,8,0b 00 00 00 00 42 43 00 
12628,接收, 11:11:44.359 ,0,206,标准帧,数据帧,8,07 00 00 00 00 00 00 00 
12629,接收, 11:11:44.359 ,0,386,标准帧,数据帧,8,00 00 00 00 00 00 00 00 
12630,接收, 11:11:44.359 ,0,7B9,标准帧,数据帧,8,0e 02 58 00 00 00 00 00 
12631,接收, 11:11:44.359 ,0,314,标准帧,数据帧,8,01 ff 86 00 00 00 00 00 
12632,接收, 11:11:44.359 ,0,186,标准帧,数据帧,8,0b 00 00 00 00 42 43 00 
12633,接收, 11:11:44.359 ,0,206,标准帧,数据帧,8,07 00 00 00 00 00 00 00 
12634,接收, 11:11:44.359 ,0,386,标准帧,数据帧,8,00 00 00 00 00 00 00 00 
12635,接收, 11:11:44.377 ,17,286,标准帧,数据帧,8,e4 01 00 00 00 00 00 00 
12636,接收, 11:11:44.377 ,0,18F,标准帧,数据帧,8,01 ff 86 05 28 00 25 00 
12637,接收, 11:11:44.377 ,0,186,标准帧,数据帧,8,0b 00 00 00 00 42 43 00 
12638,接收, 11:11:44.377 ,0,206,标准帧,数据帧,8,07 00 00 00 00 00 00 00 
12639,接收, 11:11:44.377 ,0,386,标准帧,数据帧,8,00 00 00 00 00 00 00 00 
12640,接收, 11:11:44.377 ,0,7B9,标准帧,数据帧,8,0e 02 58 00 00 00 00 00 
12641,接收, 11:11:44.377 ,0,314,标准帧,数据帧,8,01 ff 86 00 00 00 00 00 
12642,接收, 11:11:44.377 ,0,186,标准帧,数据帧,8,0b 00 00 00 00 42 43 00 
12643,接收, 11:11:44.395 ,17,386,标准帧,数据帧,8,00 00 00 00 00 00 00 00 
12644,接收, 11:11:44.395 ,0,206,标准帧,数据帧,8,07 00 00 00 00 00 00 00 
12645,接收, 11:11:44.395 ,0,286,标准帧,数据帧,8,e4 01 ff ff 00 00 00 00 
12646,接收, 11:11:44.395 ,0,18F,标准帧,数据帧,8,01 ff 86 05 28 00 25 00 
12647,接收, 11:11:44.395 ,0,186,标准帧,数据帧,8,0b 00 00 00 00 42 43 00 
12648,接收, 11:11:44.395 ,0,206,标准帧,数据帧,8,07 00 00 00 00 00 00 00 
12649,接收, 11:11:44.395 ,0,386,标准帧,数据帧,8,00 00 00 00 00 00 00 00 
12650,接收, 11:11:44.395 ,0,7B9,标准帧,数据帧,8,0e 02 58 00 00 00 00 00 
12651,接收, 11:11:44.395 ,0,314,标准帧,数据帧,8,01 ff 86 00 00 00 00 00 
12652,接收, 11:11:44.413 ,17,186,标准帧,数据帧,8,0b 00 00 00 00 42 43 00 
12653,接收, 11:11:44.413 ,0,206,标准帧,数据帧,8,07 00 00 00 00 00 00 00 
12654,接收, 11:11:44.413 ,0,386,标准帧,数据帧,8,00 00 00 00 00 00 00 00 
12655,接收, 11:11:44.413 ,0,286,标准帧,数据帧,8,e4 01 ff ff 00 00 00 00 
12656,接收, 11:11:44.413 ,0,18F,标准帧,数据帧,8,01 ff 86 05 a0 00 25 00 
12657,接收, 11:11:44.413 ,0,186,标准帧,数据帧,8,0b 00 00 00 00 42 43 00 
12658,接收, 11:11:44.413 ,0,386,标准帧,数据帧,8,00 00 00 00 00 00 00 00 
12659,接收, 11:11:44.413 ,0,206,标准帧,数据帧,8,07 00 00 00 00 00 00 00 
12660,接收, 11:11:44.413 ,0,7B9,标准帧,数据帧,8,0e 02 58 00 00 00 00 00 
12661,接收, 11:11:44.413 ,0,314,标准帧,数据帧,8,01 ff 86 00 00 00 00 00 
12662,接收, 11:11:44.430 ,16,186,标准帧,数据帧,8,0b 00 00 00 00 42 43 00 
12663,接收, 11:11:44.430 ,0,206,标准帧,数据帧,8,07 00 00 00 00 00 00 00 
12664,接收, 11:11:44.430 ,0,386,标准帧,数据帧,8,00 00 00 00 00 00 00 00 
12665,接收, 11:11:44.430 ,0,286,标准帧,数据帧,8,e4 01 00 00 00 00 00 00 
12666,接收, 11:11:44.430 ,0,18F,标准帧,数据帧,8,01 ff 86 05 28 00 25 00 
12667,接收, 11:11:44.430 ,0,186,标准帧,数据帧,8,0b 00 00 00 00 42 43 00 
12668,接收, 11:11:44.430 ,0,386,标准帧,数据帧,8,00 00 00 00 00 00 00 00 
12669,接收, 11:11:44.430 ,0,206,标准帧,数据帧,8,07 00 00 00 00 00 00 00 
12670,接收, 11:11:44.430 ,0,7B9,标准帧,数据帧,8,0e 02 58 00 00 00 00 00 
12671,接收, 11:11:44.430 ,0,314,标准帧,数据帧,8,01 ff 86 00 00 00 00 00 
12672,接收, 11:11:44.448 ,17,186,标准帧,数据帧,8,0b 00 00 00 00 42 43 00 
12673,接收, 11:11:44.448 ,0,206,标准帧,数据帧,8,07 00 00 00 00 00 00 00 
12674,接收, 11:11:44.448 ,0,386,标准帧,数据帧,8,00 00 00 00 00 00 00 00 
12675,接收, 11:11:44.448 ,0,286,标准帧,数据帧,8,e4 01 00 00 00 00 00 00 
12676,接收, 11:11:44.448 ,0,18F,标准帧,数据帧,8,01 ff 86 05 64 00 25 00 
12677,接收, 11:11:44.448 ,0,186,标准帧,数据帧,8,0b 00 00 00 00 42 43 00 
12678,接收, 11:11:44.466 ,17,206,标准帧,数据帧,8,07 00 00 00 00 00 00 00 
12679,接收, 11:11:44.466 ,0,386,标准帧,数据帧,8,00 00 00 00 00 00 00 00 
12680,接收, 11:11:44.466 ,0,7B9,标准帧,数据帧,8,0e 02 58 00 00 00 00 00 
12681,接收, 11:11:44.466 ,0,314,标准帧,数据帧,8,01 ff 86 00 00 00 00 00 
12682,接收, 11:11:44.466 ,0,186,标准帧,数据帧,8,0b 00 00 00 00 42 43 00 
12683,接收, 11:11:44.466 ,0,206,标准帧,数据帧,8,07 00 00 00 00 00 00 00 
12684,接收, 11:11:44.466 ,0,386,标准帧,数据帧,8,00 00 00 00 00 00 00 00 
12685,接收, 11:11:44.466 ,0,286,标准帧,数据帧,8,e4 01 ff ff 00 00 00 00 
12686,接收, 11:11:44.466 ,0,18F,标准帧,数据帧,8,01 ff 86 05 28 00 25 00 
12687,接收, 11:11:44.484 ,17,186,标准帧,数据帧,8,0b 00 00 00 00 42 43 00 
12688,接收, 11:11:44.484 ,0,206,标准帧,数据帧,8,07 00 00 00 00 00 00 00 
12689,接收, 11:11:44.484 ,0,386,标准帧,数据帧,8,00 00 00 00 00 00 00 00 
12690,接收, 11:11:44.484 ,0,7B9,标准帧,数据帧,8,0e 02 58 00 00 00 00 00 
12691,接收, 11:11:44.484 ,0,314,标准帧,数据帧,8,01 ff 86 00 00 00 00 00 
12692,接收, 11:11:44.484 ,0,186,标准帧,数据帧,8,0b 00 00 00 00 42 43 00 
12693,接收, 11:11:44.484 ,0,386,标准帧,数据帧,8,00 00 00 00 00 00 00 00 
12694,接收, 11:11:44.484 ,0,206,标准帧,数据帧,8,07 00 00 00 00 00 00 00 
12695,接收, 11:11:44.484 ,0,286,标准帧,数据帧,8,e4 01 00 00 00 00 00 00 
12696,接收, 11:11:44.484 ,0,18F,标准帧,数据帧,8,01 ff 86 05 28 00 25 00 
12697,接收, 11:11:44.502 ,17,186,标准帧,数据帧,8,0b 00 00 00 00 42 43 00 
12698,接收, 11:11:44.502 ,0,386,标准帧,数据帧,8,00 00 00 00 00 00 00 00 
12699,接收, 11:11:44.502 ,0,206,标准帧,数据帧,8,07 00 00 00 00 00 00 00 
12700,接收, 11:11:44.502 ,0,7B9,标准帧,数据帧,8,0e 02 58 00 00 00 00 00 
12701,接收, 11:11:44.502 ,0,314,标准帧,数据帧,8,01 ff 86 00 00 00 00 00 
12702,接收, 11:11:44.502 ,0,186,标准帧,数据帧,8,0b 00 00 00 00 42 43 00 
12703,接收, 11:11:44.502 ,0,206,标准帧,数据帧,8,07 00 00 00 00 00 00 00 
12704,接收, 11:11:44.502 ,0,386,标准帧,数据帧,8,00 00 00 00 00 00 00 00 
12705,接收, 11:11:44.502 ,0,286,标准帧,数据帧,8,e4 01 ff ff 00 00 00 00 
12706,接收, 11:11:44.502 ,0,18F,标准帧,数据帧,8,01 ff 86 05 64 00 25 00 
12707,接收, 11:11:44.520 ,18,186,标准帧,数据帧,8,0b 00 00 00 00 42 43 00 
12708,接收, 11:11:44.520 ,0,206,标准帧,数据帧,8,07 00 00 00 00 00 00 00 
12709,接收, 11:11:44.520 ,0,386,标准帧,数据帧,8,00 00 00 00 00 00 00 00 
12710,接收, 11:11:44.520 ,0,7B9,标准帧,数据帧,8,0e 02 58 00 00 00 00 00 
12711,接收, 11:11:44.520 ,0,314,标准帧,数据帧,8,01 ff 86 00 00 00 00 00 
12712,接收, 11:11:44.520 ,0,186,标准帧,数据帧,8,0b 00 00 00 00 42 43 00 
12713,接收, 11:11:44.520 ,0,206,标准帧,数据帧,8,07 00 00 00 00 00 00 00 
12714,接收, 11:11:44.520 ,0,386,标准帧,数据帧,8,00 00 00 00 00 00 00 00 
12715,接收, 11:11:44.520 ,0,286,标准帧,数据帧,8,e4 01 00 00 00 00 00 00 
12716,接收, 11:11:44.520 ,0,18F,标准帧,数据帧,8,01 ff 86 05 28 00 25 00 
12717,接收, 11:11:44.537 ,16,186,标准帧,数据帧,8,0b 00 00 00 00 42 43 00 
12718,接收, 11:11:44.537 ,0,386,标准帧,数据帧,8,00 00 00 00 00 00 00 00 
12719,接收, 11:11:44.537 ,0,206,标准帧,数据帧,8,07 00 00 00 00 00 00 00 
12720,接收, 11:11:44.537 ,0,7B9,标准帧,数据帧,8,0e 02 58 00 00 00 00 00 
12721,接收, 11:11:44.537 ,0,314,标准帧,数据帧,8,01 ff 86 00 00 00 00 00 
12722,接收, 11:11:44.537 ,0,186,标准帧,数据帧,8,0b 00 00 00 00 42 43 00 
12723,接收, 11:11:44.540 ,2,386,标准帧,数据帧,8,00 00 00 00 00 00 00 00 
12724,接收, 11:11:44.540 ,0,206,标准帧,数据帧,8,07 00 00 00 00 00 00 00 
12725,接收, 11:11:44.558 ,18,286,标准帧,数据帧,8,e4 01 ff ff 00 00 00 00 
12726,接收, 11:11:44.558 ,0,18F,标准帧,数据帧,8,01 ff 86 04 ec 00 25 00 
12727,接收, 11:11:44.558 ,0,200,标准帧,数据帧,8,13 33 ff c4 0c c7 0c d1 
12728,接收, 11:11:44.558 ,0,201,标准帧,数据帧,8,0c b2 0f a0 00 15 00 51 
12729,接收, 11:11:44.558 ,0,202,标准帧,数据帧,8,00 00 00 03 0b a5 0b 9b 
12730,接收, 11:11:44.558 ,0,186,标准帧,数据帧,8,0b 00 00 00 00 42 43 00 
12731,接收, 11:11:44.558 ,0,206,标准帧,数据帧,8,07 00 00 00 00 00 00 00 
12732,接收, 11:11:44.558 ,0,386,标准帧,数据帧,8,00 00 00 00 00 00 00 00 
12733,接收, 11:11:44.558 ,0,7B9,标准帧,数据帧,8,0e 02 58 00 00 00 00 00 
12734,接收, 11:11:44.558 ,0,314,标准帧,数据帧,8,01 ff 86 00 00 00 00 00 
12735,接收, 11:11:44.558 ,0,186,标准帧,数据帧,8,0b 00 00 00 00 42 43 00 
12736,接收, 11:11:44.573 ,14,206,标准帧,数据帧,8,07 00 00 00 00 00 00 00 
12737,接收, 11:11:44.573 ,0,386,标准帧,数据帧,8,00 00 00 00 00 00 00 00 
12738,接收, 11:11:44.573 ,0,286,标准帧,数据帧,8,e4 01 00 00 00 00 00 00 
12739,接收, 11:11:44.573 ,0,18F,标准帧,数据帧,8,01 ff 86 05 64 00 25 00 
12740,接收, 11:11:44.573 ,0,186,标准帧,数据帧,8,0b 00 00 00 00 42 43 00 
12741,接收, 11:11:44.573 ,0,206,标准帧,数据帧,8,07 00 00 00 00 00 00 00 
12742,接收, 11:11:44.573 ,0,386,标准帧,数据帧,8,00 00 00 00 00 00 00 00 
12743,接收, 11:11:44.573 ,0,7B9,标准帧,数据帧,8,0e 02 58 00 00 00 00 00 
12744,接收, 11:11:44.573 ,0,314,标准帧,数据帧,8,01 ff 86 00 00 00 00 00 
12745,接收, 11:11:44.594 ,20,186,标准帧,数据帧,8,0b 00 00 00 00 42 43 00 
12746,接收, 11:11:44.594 ,0,386,标准帧,数据帧,8,00 00 00 00 00 00 00 00 
12747,接收, 11:11:44.594 ,0,206,标准帧,数据帧,8,07 00 00 00 00 00 00 00 
12748,接收, 11:11:44.594 ,0,286,标准帧,数据帧,8,e4 01 00 00 00 00 00 00 
12749,接收, 11:11:44.594 ,0,18F,标准帧,数据帧,8,01 ff 87 03 fc 00 25 00 
12750,接收, 11:11:44.594 ,0,186,标准帧,数据帧,8,0b 00 00 00 00 42 43 00 
12751,接收, 11:11:44.594 ,0,386,标准帧,数据帧,8,00 00 00 00 00 00 00 00 
12752,接收, 11:11:44.594 ,0,206,标准帧,数据帧,8,07 00 00 00 00 00 00 00 
12753,接收, 11:11:44.594 ,0,7B9,标准帧,数据帧,8,0e 02 58 00 00 00 00 00 
12754,接收, 11:11:44.594 ,0,314,标准帧,数据帧,8,01 ff 86 00 00 00 00 00 
12755,接收, 11:11:44.610 ,16,186,标准帧,数据帧,8,0b 00 00 00 00 42 43 00 
12756,接收, 11:11:44.610 ,0,386,标准帧,数据帧,8,00 00 00 00 00 00 00 00 
12757,接收, 11:11:44.610 ,0,206,标准帧,数据帧,8,07 00 00 00 00 00 00 00 
12758,接收, 11:11:44.610 ,0,286,标准帧,数据帧,8,e4 01 00 00 00 00 00 00 
12759,接收, 11:11:44.610 ,0,18F,标准帧,数据帧,8,01 ff 87 00 78 00 25 00 
12760,接收, 11:11:44.610 ,0,186,标准帧,数据帧,8,0b 00 00 00 00 42 43 00 
12761,接收, 11:11:44.610 ,0,386,标准帧,数据帧,8,00 00 00 00 00 00 00 00 
12762,接收, 11:11:44.610 ,0,206,标准帧,数据帧,8,07 00 00 00 00 00 00 00 
12763,接收, 11:11:44.610 ,0,7B9,标准帧,数据帧,8,0e 02 58 00 00 00 00 00 
12764,接收, 11:11:44.610 ,0,314,标准帧,数据帧,8,01 ff 86 00 00 00 00 00 
12765,接收, 11:11:44.627 ,16,186,标准帧,数据帧,8,0b 00 00 00 00 42 43 00 
12766,接收, 11:11:44.627 ,0,206,标准帧,数据帧,8,07 00 00 00 00 00 00 00 
12767,接收, 11:11:44.627 ,0,386,标准帧,数据帧,8,00 00 00 00 00 00 00 00 
12768,接收, 11:11:44.627 ,0,286,标准帧,数据帧,8,e4 01 00 00 00 00 00 00 
12769,接收, 11:11:44.627 ,0,18F,标准帧,数据帧,8,01 ff 87 ff 10 00 25 00 
12770,接收, 11:11:44.627 ,0,186,标准帧,数据帧,8,0b 00 00 00 00 42 43 00 
12771,接收, 11:11:44.627 ,0,386,标准帧,数据帧,8,00 00 00 00 00 00 00 00 
12772,接收, 11:11:44.644 ,16,206,标准帧,数据帧,8,07 00 00 00 00 00 00 00 
12773,接收, 11:11:44.644 ,0,7B9,标准帧,数据帧,8,0e 02 58 00 00 00 00 00 
12774,接收, 11:11:44.644 ,0,314,标准帧,数据帧,8,01 ff 86 00 00 00 00 00 
12775,接收, 11:11:44.644 ,0,186,标准帧,数据帧,8,0b 00 00 00 00 42 43 00 
12776,接收, 11:11:44.644 ,0,206,标准帧,数据帧,8,07 00 00 00 00 00 00 00 
12777,接收, 11:11:44.644 ,0,386,标准帧,数据帧,8,00 00 00 00 00 00 00 00 
12778,接收, 11:11:44.644 ,0,286,标准帧,数据帧,8,e4 01 ff ff 00 00 00 00 
12779,接收, 11:11:44.644 ,0,18F,标准帧,数据帧,8,01 ff 87 fd a8 00 25 00 
12780,接收, 11:11:44.669 ,24,186,标准帧,数据帧,8,0b 00 00 00 00 42 43 00 
12781,接收, 11:11:44.669 ,0,206,标准帧,数据帧,8,07 00 00 00 00 00 00 00 
12782,接收, 11:11:44.669 ,0,386,标准帧,数据帧,8,00 00 00 00 00 00 00 00 
12783,接收, 11:11:44.669 ,0,7B9,标准帧,数据帧,8,0e 02 58 00 00 00 00 00 
12784,接收, 11:11:44.669 ,0,314,标准帧,数据帧,8,01 ff 86 00 00 00 00 00 
12785,接收, 11:11:44.669 ,0,186,标准帧,数据帧,8,0b 00 00 00 00 42 43 00 
12786,接收, 11:11:44.669 ,0,206,标准帧,数据帧,8,07 00 00 00 00 00 00 00 
12787,接收, 11:11:44.669 ,0,386,标准帧,数据帧,8,00 00 00 00 00 00 00 00 
12788,接收, 11:11:44.669 ,0,286,标准帧,数据帧,8,e4 01 ff ff 00 00 00 00 
12789,接收, 11:11:44.669 ,0,18F,标准帧,数据帧,8,01 ff 87 fc b8 00 25 00 
12790,接收, 11:11:44.669 ,0,186,标准帧,数据帧,8,0b 00 00 00 00 42 43 00 
12791,接收, 11:11:44.669 ,0,386,标准帧,数据帧,8,00 00 00 00 00 00 00 00 
12792,接收, 11:11:44.669 ,0,206,标准帧,数据帧,8,07 00 00 00 00 00 00 00 
12793,接收, 11:11:44.669 ,0,7B9,标准帧,数据帧,8,0e 02 58 00 00 00 00 00 
12794,接收, 11:11:44.669 ,0,314,标准帧,数据帧,8,01 ff 86 00 00 00 00 00 
12795,接收, 11:11:44.687 ,17,186,标准帧,数据帧,8,0b 00 00 00 00 42 43 00 
12796,接收, 11:11:44.687 ,0,386,标准帧,数据帧,8,00 00 00 00 00 00 00 00 
12797,接收, 11:11:44.687 ,0,206,标准帧,数据帧,8,07 00 00 00 00 00 00 00 
12798,接收, 11:11:44.687 ,0,286,标准帧,数据帧,8,e4 01 ff ff 00 00 00 00 
12799,接收, 11:11:44.687 ,0,18F,标准帧,数据帧,8,01 ff 87 f9 70 00 25 00 
12800,接收, 11:11:44.687 ,0,186,标准帧,数据帧,8,0b 00 00 00 00 42 43 00 
12801,接收, 11:11:44.705 ,17,386,标准帧,数据帧,8,00 00 00 00 00 00 00 00 
12802,接收, 11:11:44.705 ,0,206,标准帧,数据帧,8,07 00 00 00 00 00 00 00 
12803,接收, 11:11:44.705 ,0,7B9,标准帧,数据帧,8,0e 02 58 00 00 00 00 00 
12804,接收, 11:11:44.705 ,0,314,标准帧,数据帧,8,01 ff 86 00 00 00 00 00 
12805,接收, 11:11:44.705 ,0,186,标准帧,数据帧,8,0b 00 00 00 00 42 43 00 
12806,接收, 11:11:44.705 ,0,206,标准帧,数据帧,8,07 00 00 00 00 00 00 00 
12807,接收, 11:11:44.705 ,0,386,标准帧,数据帧,8,00 00 00 00 00 00 00 00 
12808,接收, 11:11:44.705 ,0,286,标准帧,数据帧,8,e4 01 00 00 00 00 00 00 
12809,接收, 11:11:44.705 ,0,18F,标准帧,数据帧,8,01 ff 86 fa 24 00 25 00 
12810,接收, 11:11:44.708 ,2,186,标准帧,数据帧,8,0b 00 00 00 00 42 43 00 
12811,接收, 11:11:44.726 ,17,386,标准帧,数据帧,8,00 00 00 00 00 00 00 00 
12812,接收, 11:11:44.726 ,0,206,标准帧,数据帧,8,07 00 00 00 00 00 00 00 
12813,接收, 11:11:44.726 ,0,7B9,标准帧,数据帧,8,0e 02 58 00 00 00 00 00 
12814,接收, 11:11:44.726 ,0,314,标准帧,数据帧,8,01 ff 86 00 00 00 00 00 
12815,接收, 11:11:44.726 ,0,186,标准帧,数据帧,8,0b 00 00 00 00 42 43 00 
12816,接收, 11:11:44.726 ,0,206,标准帧,数据帧,8,07 00 00 00 00 00 00 00 
12817,接收, 11:11:44.726 ,0,386,标准帧,数据帧,8,00 00 00 00 00 00 00 00 
12818,接收, 11:11:44.726 ,0,286,标准帧,数据帧,8,e4 01 ff ff 00 00 00 00 
12819,接收, 11:11:44.726 ,0,18F,标准帧,数据帧,8,01 ff 86 fa d8 00 25 00 
12820,接收, 11:11:44.743 ,16,186,标准帧,数据帧,8,0b 00 00 00 00 42 43 00 
12821,接收, 11:11:44.743 ,0,386,标准帧,数据帧,8,00 00 00 00 00 00 00 00 
12822,接收, 11:11:44.743 ,0,206,标准帧,数据帧,8,07 00 00 00 00 00 00 00 
12823,接收, 11:11:44.743 ,0,7B9,标准帧,数据帧,8,0e 02 58 00 00 00 00 00 
12824,接收, 11:11:44.743 ,0,314,标准帧,数据帧,8,01 ff 86 00 00 00 00 00 
12825,接收, 11:11:44.743 ,0,186,标准帧,数据帧,8,0b 00 00 00 00 42 43 00 
12826,接收, 11:11:44.743 ,0,206,标准帧,数据帧,8,07 00 00 00 00 00 00 00 
12827,接收, 11:11:44.743 ,0,386,标准帧,数据帧,8,00 00 00 00 00 00 00 00 
12828,接收, 11:11:44.743 ,0,286,标准帧,数据帧,8,e4 01 00 00 00 00 00 00 
12829,接收, 11:11:44.743 ,0,18F,标准帧,数据帧,8,01 ff 86 fa d8 00 25 00 
12830,接收, 11:11:44.759 ,16,186,标准帧,数据帧,8,0b 00 00 00 00 42 43 00 
12831,接收, 11:11:44.759 ,0,206,标准帧,数据帧,8,07 00 00 00 00 00 00 00 
12832,接收, 11:11:44.759 ,0,386,标准帧,数据帧,8,00 00 00 00 00 00 00 00 
12833,接收, 11:11:44.759 ,0,7B9,标准帧,数据帧,8,0e 02 58 00 00 00 00 00 
12834,接收, 11:11:44.759 ,0,314,标准帧,数据帧,8,01 ff 86 00 00 00 00 00 
12835,接收, 11:11:44.759 ,0,186,标准帧,数据帧,8,0b 00 00 00 00 42 43 00 
12836,接收, 11:11:44.759 ,0,206,标准帧,数据帧,8,07 00 00 00 00 00 00 00 
12837,接收, 11:11:44.759 ,0,386,标准帧,数据帧,8,00 00 00 00 00 00 00 00 
12838,接收, 11:11:44.762 ,2,286,标准帧,数据帧,8,e3 01 ff ff 00 00 00 00 
12839,接收, 11:11:44.762 ,0,18F,标准帧,数据帧,8,01 ff 86 fa 60 00 25 00 
12840,接收, 11:11:44.777 ,14,186,标准帧,数据帧,8,0b 00 00 00 00 42 43 00 
12841,接收, 11:11:44.777 ,0,386,标准帧,数据帧,8,00 00 00 00 00 00 00 00 
12842,接收, 11:11:44.777 ,0,206,标准帧,数据帧,8,07 00 00 00 00 00 00 00 
12843,接收, 11:11:44.777 ,0,7B9,标准帧,数据帧,8,0e 02 58 00 00 00 00 00 
12844,接收, 11:11:44.777 ,0,314,标准帧,数据帧,8,01 ff 86 00 00 00 00 00 
12845,接收, 11:11:44.777 ,0,186,标准帧,数据帧,8,0b 00 00 00 00 42 43 00 
12846,接收, 11:11:44.793 ,15,386,标准帧,数据帧,8,00 00 00 00 00 00 00 00 
12847,接收, 11:11:44.793 ,0,206,标准帧,数据帧,8,07 00 00 00 00 00 00 00 
12848,接收, 11:11:44.809 ,15,286,标准帧,数据帧,8,e4 01 ff ff 00 00 00 00 
12849,接收, 11:11:44.809 ,0,18F,标准帧,数据帧,8,01 ff 86 fa 24 00 25 00 
12850,接收, 11:11:44.809 ,0,186,标准帧,数据帧,8,0b 00 00 00 00 42 43 00 
12851,接收, 11:11:44.809 ,0,206,标准帧,数据帧,8,07 00 00 00 00 00 00 00 
12852,接收, 11:11:44.809 ,0,7B9,标准帧,数据帧,8,0e 02 58 00 00 00 00 00 
12853,接收, 11:11:44.809 ,0,386,标准帧,数据帧,8,00 00 00 00 00 00 00 00 
12854,接收, 11:11:44.809 ,0,314,标准帧,数据帧,8,01 ff 86 00 00 00 00 00 
12855,接收, 11:11:44.809 ,0,186,标准帧,数据帧,8,0b 00 00 00 00 42 43 00 
12856,接收, 11:11:44.824 ,15,386,标准帧,数据帧,8,00 00 00 00 00 00 00 00 
12857,接收, 11:11:44.824 ,0,206,标准帧,数据帧,8,07 00 00 00 00 00 00 00 
12858,接收, 11:11:44.824 ,0,286,标准帧,数据帧,8,e4 01 ff ff 00 00 00 00 
12859,接收, 11:11:44.824 ,0,18F,标准帧,数据帧,8,01 ff 86 f9 e8 00 25 00 
12860,接收, 11:11:44.824 ,0,186,标准帧,数据帧,8,0b 00 00 00 00 42 43 00 
12861,接收, 11:11:44.824 ,0,206,标准帧,数据帧,8,07 00 00 00 00 00 00 00 
12862,接收, 11:11:44.824 ,0,386,标准帧,数据帧,8,00 00 00 00 00 00 00 00 
12863,接收, 11:11:44.824 ,0,7B9,标准帧,数据帧,8,0e 02 58 00 00 00 00 00 
12864,接收, 11:11:44.824 ,0,314,标准帧,数据帧,8,01 ff 86 00 00 00 00 00 
12865,接收, 11:11:44.840 ,15,186,标准帧,数据帧,8,0b 00 00 00 00 42 43 00 
12866,接收, 11:11:44.840 ,0,206,标准帧,数据帧,8,07 00 00 00 00 00 00 00 
12867,接收, 11:11:44.840 ,0,386,标准帧,数据帧,8,00 00 00 00 00 00 00 00 
12868,接收, 11:11:44.840 ,0,286,标准帧,数据帧,8,e4 01 ff ff 00 00 00 00 
12869,接收, 11:11:44.840 ,0,18F,标准帧,数据帧,8,01 ff 86 f9 e8 00 25 00 
12870,接收, 11:11:44.840 ,0,186,标准帧,数据帧,8,0b 00 00 00 00 42 43 00 
12871,接收, 11:11:44.840 ,0,386,标准帧,数据帧,8,00 00 00 00 00 00 00 00 
12872,接收, 11:11:44.840 ,0,206,标准帧,数据帧,8,07 00 00 00 00 00 00 00 
12873,接收, 11:11:44.840 ,0,7B9,标准帧,数据帧,8,0e 02 58 00 00 00 00 00 
12874,接收, 11:11:44.840 ,0,314,标准帧,数据帧,8,01 ff 86 00 00 00 00 00 
12875,接收, 11:11:44.855 ,15,186,标准帧,数据帧,8,0b 00 00 00 00 42 43 00 
12876,接收, 11:11:44.855 ,0,206,标准帧,数据帧,8,07 00 00 00 00 00 00 00 
12877,接收, 11:11:44.855 ,0,386,标准帧,数据帧,8,00 00 00 00 00 00 00 00 
12878,接收, 11:11:44.855 ,0,286,标准帧,数据帧,8,e4 01 00 00 00 00 00 00 
12879,接收, 11:11:44.855 ,0,18F,标准帧,数据帧,8,01 ff 86 f9 e8 00 25 00 
12880,接收, 11:11:44.855 ,0,186,标准帧,数据帧,8,0b 00 00 00 00 42 43 00 
12881,接收, 11:11:44.855 ,0,386,标准帧,数据帧,8,00 00 00 00 00 00 00 00 
12882,接收, 11:11:44.855 ,0,206,标准帧,数据帧,8,07 00 00 00 00 00 00 00 
12883,接收, 11:11:44.855 ,0,7B9,标准帧,数据帧,8,0e 02 58 00 00 00 00 00 
12884,接收, 11:11:44.855 ,0,314,标准帧,数据帧,8,01 ff 86 00 00 00 00 00 
12885,接收, 11:11:44.871 ,15,186,标准帧,数据帧,8,0b 00 00 00 00 42 43 00 
12886,接收, 11:11:44.871 ,0,206,标准帧,数据帧,8,07 00 00 00 00 00 00 00 
12887,接收, 11:11:44.871 ,0,386,标准帧,数据帧,8,00 00 00 00 00 00 00 00 
12888,接收, 11:11:44.871 ,0,286,标准帧,数据帧,8,e4 01 00 00 00 00 00 00 
12889,接收, 11:11:44.871 ,0,18F,标准帧,数据帧,8,01 ff 86 f9 e8 00 25 00 
12890,接收, 11:11:44.871 ,0,186,标准帧,数据帧,8,0b 00 00 00 00 42 43 00 
12891,接收, 11:11:44.887 ,15,386,标准帧,数据帧,8,00 00 00 00 00 00 00 00 
12892,接收, 11:11:44.887 ,0,206,标准帧,数据帧,8,07 00 00 00 00 00 00 00 
12893,接收, 11:11:44.887 ,0,7B9,标准帧,数据帧,8,0e 02 58 00 00 00 00 00 
12894,接收, 11:11:44.887 ,0,314,标准帧,数据帧,8,01 ff 86 00 00 00 00 00 
12895,接收, 11:11:44.887 ,0,186,标准帧,数据帧,8,0b 00 00 00 00 42 43 00 
12896,接收, 11:11:44.887 ,0,386,标准帧,数据帧,8,00 00 00 00 00 00 00 00 
12897,接收, 11:11:44.887 ,0,206,标准帧,数据帧,8,07 00 00 00 00 00 00 00 
12898,接收, 11:11:44.887 ,0,286,标准帧,数据帧,8,e4 01 00 00 00 00 00 00 
12899,接收, 11:11:44.887 ,0,18F,标准帧,数据帧,8,01 ff 86 f9 e8 00 25 00 
12900,接收, 11:11:44.902 ,15,186,标准帧,数据帧,8,0b 00 00 00 00 42 43 00 
12901,接收, 11:11:44.902 ,0,386,标准帧,数据帧,8,00 00 00 00 00 00 00 00 
12902,接收, 11:11:44.902 ,0,206,标准帧,数据帧,8,07 00 00 00 00 00 00 00 
12903,接收, 11:11:44.902 ,0,7B9,标准帧,数据帧,8,0e 02 58 00 00 00 00 00 
12904,接收, 11:11:44.902 ,0,314,标准帧,数据帧,8,01 ff 86 00 00 00 00 00 
12905,接收, 11:11:44.902 ,0,186,标准帧,数据帧,8,0b 00 00 00 00 42 43 00 
12906,接收, 11:11:44.902 ,0,206,标准帧,数据帧,8,07 00 00 00 00 00 00 00 
12907,接收, 11:11:44.902 ,0,386,标准帧,数据帧,8,00 00 00 00 00 00 00 00 
12908,接收, 11:11:44.902 ,0,286,标准帧,数据帧,8,e4 01 ff ff 00 00 00 00 
12909,接收, 11:11:44.902 ,0,18F,标准帧,数据帧,8,01 ff 86 f9 e8 00 25 00 
12910,接收, 11:11:44.918 ,15,186,标准帧,数据帧,8,0b 00 00 00 00 42 43 00 
12911,接收, 11:11:44.918 ,0,206,标准帧,数据帧,8,07 00 00 00 00 00 00 00 
12912,接收, 11:11:44.918 ,0,386,标准帧,数据帧,8,00 00 00 00 00 00 00 00 
12913,接收, 11:11:44.918 ,0,7B9,标准帧,数据帧,8,0e 02 58 00 00 00 00 00 
12914,接收, 11:11:44.918 ,0,314,标准帧,数据帧,8,01 ff 86 00 00 00 00 00 
12915,接收, 11:11:44.918 ,0,186,标准帧,数据帧,8,0b 00 00 00 00 42 43 00 
12916,接收, 11:11:44.918 ,0,386,标准帧,数据帧,8,00 00 00 00 00 00 00 00 
12917,接收, 11:11:44.918 ,0,206,标准帧,数据帧,8,07 00 00 00 00 00 00 00 
12918,接收, 11:11:44.950 ,31,286,标准帧,数据帧,8,e4 01 00 00 00 00 00 00 
12919,接收, 11:11:44.950 ,0,18F,标准帧,数据帧,8,01 ff 86 f9 70 00 25 00 
12920,接收, 11:11:44.950 ,0,186,标准帧,数据帧,8,0b 00 00 00 00 42 43 00 
12921,接收, 11:11:44.950 ,0,386,标准帧,数据帧,8,00 00 00 00 00 00 00 00 
12922,接收, 11:11:44.950 ,0,206,标准帧,数据帧,8,07 00 00 00 00 00 00 00 
12923,接收, 11:11:44.950 ,0,7B9,标准帧,数据帧,8,0e 02 58 00 00 00 00 00 
12924,接收, 11:11:44.950 ,0,314,标准帧,数据帧,8,01 ff 86 00 00 00 00 00 
12925,接收, 11:11:44.950 ,0,186,标准帧,数据帧,8,0b 00 00 00 00 42 43 00 
12926,接收, 11:11:44.950 ,0,206,标准帧,数据帧,8,07 00 00 00 00 00 00 00 
12927,接收, 11:11:44.950 ,0,386,标准帧,数据帧,8,00 00 00 00 00 00 00 00 
12928,接收, 11:11:44.950 ,0,286,标准帧,数据帧,8,e4 01 ff ff 00 00 00 00 
12929,接收, 11:11:44.950 ,0,18F,标准帧,数据帧,8,01 ff 86 f9 34 00 25 00 
12930,接收, 11:11:44.950 ,0,186,标准帧,数据帧,8,0b 00 00 00 00 42 43 00 
12931,接收, 11:11:44.950 ,0,206,标准帧,数据帧,8,07 00 00 00 00 00 00 00 
12932,接收, 11:11:44.950 ,0,386,标准帧,数据帧,8,00 00 00 00 00 00 00 00 
12933,接收, 11:11:44.950 ,0,7B9,标准帧,数据帧,8,0e 02 58 00 00 00 00 00 
12934,接收, 11:11:44.950 ,0,314,标准帧,数据帧,8,01 ff 86 00 00 00 00 00 
12935,接收, 11:11:44.970 ,19,186,标准帧,数据帧,8,0b 00 00 00 00 42 43 00 
12936,接收, 11:11:44.970 ,0,206,标准帧,数据帧,8,07 00 00 00 00 00 00 00 
12937,接收, 11:11:44.970 ,0,386,标准帧,数据帧,8,00 00 00 00 00 00 00 00 
12938,接收, 11:11:44.970 ,0,286,标准帧,数据帧,8,e4 01 ff ff 00 00 00 00 
12939,接收, 11:11:44.970 ,0,18F,标准帧,数据帧,8,01 ff 86 f9 70 00 25 00 
12940,接收, 11:11:44.970 ,0,186,标准帧,数据帧,8,0b 00 00 00 00 42 43 00 
12941,接收, 11:11:44.970 ,0,206,标准帧,数据帧,8,07 00 00 00 00 00 00 00 
12942,接收, 11:11:44.970 ,0,386,标准帧,数据帧,8,00 00 00 00 00 00 00 00 
12943,接收, 11:11:44.970 ,0,7B9,标准帧,数据帧,8,0e 02 58 00 00 00 00 00 
12944,接收, 11:11:44.970 ,0,314,标准帧,数据帧,8,01 ff 86 00 00 00 00 00 
12945,接收, 11:11:44.987 ,16,186,标准帧,数据帧,8,0b 00 00 00 00 42 43 00 
12946,接收, 11:11:44.987 ,0,386,标准帧,数据帧,8,00 00 00 00 00 00 00 00 
12947,接收, 11:11:44.987 ,0,206,标准帧,数据帧,8,07 00 00 00 00 00 00 00 
12948,接收, 11:11:44.987 ,0,286,标准帧,数据帧,8,e4 01 ff ff 00 00 00 00 
12949,接收, 11:11:44.987 ,0,18F,标准帧,数据帧,8,01 ff 86 f9 70 00 25 00 
12950,接收, 11:11:44.987 ,0,186,标准帧,数据帧,8,0b 00 00 00 00 42 43 00 
12951,接收, 11:11:45.006 ,18,386,标准帧,数据帧,8,00 00 00 00 00 00 00 00 
12952,接收, 11:11:45.006 ,0,206,标准帧,数据帧,8,07 00 00 00 00 00 00 00 
12953,接收, 11:11:45.006 ,0,7B9,标准帧,数据帧,8,0e 02 58 00 00 00 00 00 
12954,接收, 11:11:45.006 ,0,314,标准帧,数据帧,8,01 ff 86 00 00 00 00 00 
12955,接收, 11:11:45.006 ,0,186,标准帧,数据帧,8,0b 00 00 00 00 42 43 00 
12956,接收, 11:11:45.006 ,0,206,标准帧,数据帧,8,07 00 00 00 00 00 00 00 
12957,接收, 11:11:45.006 ,0,386,标准帧,数据帧,8,00 00 00 00 00 00 00 00 
12958,接收, 11:11:45.006 ,0,286,标准帧,数据帧,8,e4 01 00 00 00 00 00 00 
12959,接收, 11:11:45.006 ,0,18F,标准帧,数据帧,8,01 ff 86 f9 34 00 25 00 
12960,接收, 11:11:45.022 ,16,186,标准帧,数据帧,8,0b 00 00 00 00 42 43 00 
12961,接收, 11:11:45.022 ,0,206,标准帧,数据帧,8,07 00 00 00 00 00 00 00 
12962,接收, 11:11:45.022 ,0,386,标准帧,数据帧,8,00 00 00 00 00 00 00 00 
12963,接收, 11:11:45.022 ,0,7B9,标准帧,数据帧,8,0e 02 58 00 00 00 00 00 
12964,接收, 11:11:45.022 ,0,314,标准帧,数据帧,8,01 ff 86 00 00 00 00 00 
12965,接收, 11:11:45.022 ,0,186,标准帧,数据帧,8,0b 00 00 00 00 42 43 00 
12966,接收, 11:11:45.022 ,0,206,标准帧,数据帧,8,07 00 00 00 00 00 00 00 
12967,接收, 11:11:45.022 ,0,386,标准帧,数据帧,8,00 00 00 00 00 00 00 00 
12968,接收, 11:11:45.022 ,0,286,标准帧,数据帧,8,e4 01 00 00 00 00 00 00 
12969,接收, 11:11:45.022 ,0,18F,标准帧,数据帧,8,01 ff 86 f8 f8 00 25 00 
12970,接收, 11:11:45.042 ,19,186,标准帧,数据帧,8,0b 00 00 00 00 42 43 00 
12971,接收, 11:11:45.042 ,0,386,标准帧,数据帧,8,00 00 00 00 00 00 00 00 
12972,接收, 11:11:45.042 ,0,206,标准帧,数据帧,8,07 00 00 00 00 00 00 00 
12973,接收, 11:11:45.042 ,0,7B9,标准帧,数据帧,8,0e 02 58 00 00 00 00 00 
12974,接收, 11:11:45.042 ,0,314,标准帧,数据帧,8,01 ff 86 00 00 00 00 00 
12975,接收, 11:11:45.042 ,0,186,标准帧,数据帧,8,0b 00 00 00 00 42 43 00 
12976,接收, 11:11:45.042 ,0,386,标准帧,数据帧,8,00 00 00 00 00 00 00 00 
12977,接收, 11:11:45.042 ,0,206,标准帧,数据帧,8,07 00 00 00 00 00 00 00 
12978,接收, 11:11:45.042 ,0,286,标准帧,数据帧,8,e4 01 ff ff 00 00 00 00 
12979,接收, 11:11:45.042 ,0,18F,标准帧,数据帧,8,01 ff 86 f9 70 00 25 00 
12980,接收, 11:11:45.057 ,14,186,标准帧,数据帧,8,0b 00 00 00 00 42 43 00 
12981,接收, 11:11:45.057 ,0,206,标准帧,数据帧,8,07 00 00 00 00 00 00 00 
12982,接收, 11:11:45.057 ,0,386,标准帧,数据帧,8,00 00 00 00 00 00 00 00 
12983,接收, 11:11:45.057 ,0,7B9,标准帧,数据帧,8,0e 02 58 00 00 00 00 00 
12984,接收, 11:11:45.057 ,0,314,标准帧,数据帧,8,01 ff 86 00 00 00 00 00 
12985,接收, 11:11:45.057 ,0,186,标准帧,数据帧,8,0b 00 00 00 00 42 43 00 
12986,接收, 11:11:45.060 ,2,206,标准帧,数据帧,8,07 00 00 00 00 00 00 00 
12987,接收, 11:11:45.060 ,0,386,标准帧,数据帧,8,00 00 00 00 00 00 00 00 
12988,接收, 11:11:45.078 ,17,286,标准帧,数据帧,8,e4 01 ff ff 00 00 00 00 
12989,接收, 11:11:45.078 ,0,18F,标准帧,数据帧,8,01 ff 86 f9 34 00 25 00 
12990,接收, 11:11:45.078 ,0,186,标准帧,数据帧,8,0b 00 00 00 00 42 43 00 
12991,接收, 11:11:45.078 ,0,206,标准帧,数据帧,8,07 00 00 00 00 00 00 00 
12992,接收, 11:11:45.078 ,0,386,标准帧,数据帧,8,00 00 00 00 00 00 00 00 
12993,接收, 11:11:45.078 ,0,7B9,标准帧,数据帧,8,0e 02 58 00 00 00 00 00 
12994,接收, 11:11:45.078 ,0,314,标准帧,数据帧,8,01 ff 86 00 00 00 00 00 
12995,接收, 11:11:45.078 ,0,186,标准帧,数据帧,8,0b 00 00 00 00 42 43 00 
12996,接收, 11:11:45.093 ,14,386,标准帧,数据帧,8,00 00 00 00 00 00 00 00 
12997,接收, 11:11:45.093 ,0,206,标准帧,数据帧,8,07 00 00 00 00 00 00 00 
12998,接收, 11:11:45.093 ,0,286,标准帧,数据帧,8,e4 01 ff ff 00 00 00 00 
12999,接收, 11:11:45.093 ,0,18F,标准帧,数据帧,8,01 ff 86 f9 34 00 25 00 
13000,接收, 11:11:45.093 ,0,186,标准帧,数据帧,8,0b 00 00 00 00 42 43 00 
13001,接收, 11:11:45.093 ,0,206,标准帧,数据帧,8,07 00 00 00 00 00 00 00 
13002,接收, 11:11:45.093 ,0,386,标准帧,数据帧,8,00 00 00 00 00 00 00 00 
13003,接收, 11:11:45.093 ,0,7B9,标准帧,数据帧,8,0e 02 58 00 00 00 00 00 
13004,接收, 11:11:45.093 ,0,314,标准帧,数据帧,8,01 ff 86 00 00 00 00 00 
13005,接收, 11:11:45.113 ,19,186,标准帧,数据帧,8,0b 00 00 00 00 42 43 00 
13006,接收, 11:11:45.113 ,0,206,标准帧,数据帧,8,07 00 00 00 00 00 00 00 
13007,接收, 11:11:45.113 ,0,386,标准帧,数据帧,8,00 00 00 00 00 00 00 00 
13008,接收, 11:11:45.113 ,0,286,标准帧,数据帧,8,e4 01 00 00 00 00 00 00 
13009,接收, 11:11:45.113 ,0,18F,标准帧,数据帧,8,01 ff 86 f8 80 00 25 00 
13010,接收, 11:11:45.113 ,0,186,标准帧,数据帧,8,0b 00 00 00 00 42 43 00 
13011,接收, 11:11:45.113 ,0,206,标准帧,数据帧,8,07 00 00 00 00 00 00 00 
13012,接收, 11:11:45.113 ,0,386,标准帧,数据帧,8,00 00 00 00 00 00 00 00 
13013,接收, 11:11:45.113 ,0,7B9,标准帧,数据帧,8,0e 02 58 00 00 00 00 00 
13014,接收, 11:11:45.113 ,0,314,标准帧,数据帧,8,01 ff 86 00 00 00 00 00 
13015,接收, 11:11:45.131 ,17,186,标准帧,数据帧,8,0b 00 00 00 00 42 43 00 
13016,接收, 11:11:45.131 ,0,206,标准帧,数据帧,8,07 00 00 00 00 00 00 00 
13017,接收, 11:11:45.131 ,0,386,标准帧,数据帧,8,00 00 00 00 00 00 00 00 
13018,接收, 11:11:45.131 ,0,286,标准帧,数据帧,8,e4 01 00 00 00 00 00 00 
13019,接收, 11:11:45.131 ,0,18F,标准帧,数据帧,8,01 ff 86 f8 bc 00 25 00 
13020,接收, 11:11:45.131 ,0,186,标准帧,数据帧,8,0b 00 00 00 00 42 43 00 
13021,接收, 11:11:45.131 ,0,386,标准帧,数据帧,8,00 00 00 00 00 00 00 00 
13022,接收, 11:11:45.131 ,0,206,标准帧,数据帧,8,07 00 00 00 00 00 00 00 
13023,接收, 11:11:45.131 ,0,7B9,标准帧,数据帧,8,0e 02 58 00 00 00 00 00 
13024,接收, 11:11:45.131 ,0,314,标准帧,数据帧,8,01 ff 86 00 00 00 00 00 
13025,接收, 11:11:45.151 ,19,186,标准帧,数据帧,8,0b 00 00 00 00 42 43 00 
13026,接收, 11:11:45.151 ,0,206,标准帧,数据帧,8,07 00 00 00 00 00 00 00 
13027,接收, 11:11:45.151 ,0,386,标准帧,数据帧,8,00 00 00 00 00 00 00 00 
13028,接收, 11:11:45.151 ,0,286,标准帧,数据帧,8,e4 01 00 00 00 00 00 00 
13029,接收, 11:11:45.151 ,0,18F,标准帧,数据帧,8,01 ff 86 f8 f8 00 25 00 
13030,接收, 11:11:45.151 ,0,186,标准帧,数据帧,8,0b 00 00 00 00 42 43 00 
13031,接收, 11:11:45.151 ,0,206,标准帧,数据帧,8,07 00 00 00 00 00 00 00 
13032,接收, 11:11:45.151 ,0,386,标准帧,数据帧,8,00 00 00 00 00 00 00 00 
13033,接收, 11:11:45.151 ,0,7B9,标准帧,数据帧,8,0e 02 58 00 00 00 00 00 
13034,接收, 11:11:45.151 ,0,314,标准帧,数据帧,8,01 ff 86 00 00 00 00 00 
13035,接收, 11:11:45.169 ,17,186,标准帧,数据帧,8,0b 00 00 00 00 42 43 00 
13036,接收, 11:11:45.169 ,0,386,标准帧,数据帧,8,00 00 00 00 00 00 00 00 
13037,接收, 11:11:45.169 ,0,206,标准帧,数据帧,8,07 00 00 00 00 00 00 00 
13038,接收, 11:11:45.169 ,0,286,标准帧,数据帧,8,e4 01 00 00 00 00 00 00 
13039,接收, 11:11:45.169 ,0,18F,标准帧,数据帧,8,01 ff 86 f8 bc 00 25 00 
13040,接收, 11:11:45.169 ,0,186,标准帧,数据帧,8,0b 00 00 00 00 42 43 00 
13041,接收, 11:11:45.169 ,0,206,标准帧,数据帧,8,07 00 00 00 00 00 00 00 
13042,接收, 11:11:45.169 ,0,386,标准帧,数据帧,8,00 00 00 00 00 00 00 00 
13043,接收, 11:11:45.169 ,0,7B9,标准帧,数据帧,8,0e 02 58 00 00 00 00 00 
13044,接收, 11:11:45.201 ,31,314,标准帧,数据帧,8,01 ff 86 00 00 00 00 00 
13045,接收, 11:11:45.201 ,0,186,标准帧,数据帧,8,0b 00 00 00 00 42 43 00 
13046,接收, 11:11:45.201 ,0,386,标准帧,数据帧,8,00 00 00 00 00 00 00 00 
13047,接收, 11:11:45.201 ,0,206,标准帧,数据帧,8,07 00 00 00 00 00 00 00 
13048,接收, 11:11:45.201 ,0,286,标准帧,数据帧,8,e4 01 ff ff 00 00 00 00 
13049,接收, 11:11:45.201 ,0,18F,标准帧,数据帧,8,01 ff 86 f8 bc 00 25 00 
13050,接收, 11:11:45.201 ,0,186,标准帧,数据帧,8,0b 00 00 00 00 42 43 00 
13051,接收, 11:11:45.216 ,15,206,标准帧,数据帧,8,07 00 00 00 00 00 00 00 
13052,接收, 11:11:45.216 ,0,7B9,标准帧,数据帧,8,0e 02 58 00 00 00 00 00 
13053,接收, 11:11:45.216 ,0,386,标准帧,数据帧,8,00 00 00 00 00 00 00 00 
13054,接收, 11:11:45.216 ,0,314,标准帧,数据帧,8,01 ff 86 00 00 00 00 00 
13055,接收, 11:11:45.216 ,0,186,标准帧,数据帧,8,0b 00 00 00 00 42 43 00 
13056,接收, 11:11:45.216 ,0,206,标准帧,数据帧,8,07 00 00 00 00 00 00 00 
13057,接收, 11:11:45.216 ,0,386,标准帧,数据帧,8,00 00 00 00 00 00 00 00 
13058,接收, 11:11:45.216 ,0,286,标准帧,数据帧,8,e4 01 ff ff 00 00 00 00 
13059,接收, 11:11:45.216 ,0,18F,标准帧,数据帧,8,01 ff 86 f8 44 00 25 00 
13060,接收, 11:11:45.232 ,15,186,标准帧,数据帧,8,0b 00 00 00 00 42 43 00 
13061,接收, 11:11:45.232 ,0,206,标准帧,数据帧,8,07 00 00 00 00 00 00 00 
13062,接收, 11:11:45.232 ,0,386,标准帧,数据帧,8,00 00 00 00 00 00 00 00 
13063,接收, 11:11:45.232 ,0,7B9,标准帧,数据帧,8,0e 02 58 00 00 00 00 00 
13064,接收, 11:11:45.232 ,0,314,标准帧,数据帧,8,01 ff 86 00 00 00 00 00 
13065,接收, 11:11:45.232 ,0,186,标准帧,数据帧,8,0b 00 00 00 00 42 43 00 
13066,接收, 11:11:45.232 ,0,206,标准帧,数据帧,8,07 00 00 00 00 00 00 00 
13067,接收, 11:11:45.232 ,0,386,标准帧,数据帧,8,00 00 00 00 00 00 00 00 
13068,接收, 11:11:45.232 ,0,286,标准帧,数据帧,8,e4 01 ff ff 00 00 00 00 
13069,接收, 11:11:45.232 ,0,18F,标准帧,数据帧,8,01 ff 86 f8 44 00 25 00 
13070,接收, 11:11:45.247 ,15,186,标准帧,数据帧,8,0b 00 00 00 00 42 43 00 
13071,接收, 11:11:45.247 ,0,386,标准帧,数据帧,8,00 00 00 00 00 00 00 00 
13072,接收, 11:11:45.247 ,0,206,标准帧,数据帧,8,07 00 00 00 00 00 00 00 
13073,接收, 11:11:45.247 ,0,7B9,标准帧,数据帧,8,0e 02 58 00 00 00 00 00 
13074,接收, 11:11:45.247 ,0,314,标准帧,数据帧,8,01 ff 86 00 00 00 00 00 
13075,接收, 11:11:45.247 ,0,186,标准帧,数据帧,8,0b 00 00 00 00 42 43 00 
13076,接收, 11:11:45.247 ,0,206,标准帧,数据帧,8,07 00 00 00 00 00 00 00 
13077,接收, 11:11:45.247 ,0,386,标准帧,数据帧,8,00 00 00 00 00 00 00 00 
13078,接收, 11:11:45.263 ,15,286,标准帧,数据帧,8,e4 01 00 00 00 00 00 00 
13079,接收, 11:11:45.263 ,0,18F,标准帧,数据帧,8,01 ff 86 f8 44 00 25 00 
13080,接收, 11:11:45.263 ,0,186,标准帧,数据帧,8,0b 00 00 00 00 42 43 00 
13081,接收, 11:11:45.263 ,0,386,标准帧,数据帧,8,00 00 00 00 00 00 00 00 
13082,接收, 11:11:45.263 ,0,206,标准帧,数据帧,8,07 00 00 00 00 00 00 00 
13083,接收, 11:11:45.263 ,0,7B9,标准帧,数据帧,8,0e 02 58 00 00 00 00 00 
13084,接收, 11:11:45.263 ,0,314,标准帧,数据帧,8,01 ff 86 00 00 00 00 00 
13085,接收, 11:11:45.279 ,15,186,标准帧,数据帧,8,0b 00 00 00 00 42 43 00 
13086,接收, 11:11:45.279 ,0,206,标准帧,数据帧,8,07 00 00 00 00 00 00 00 
13087,接收, 11:11:45.279 ,0,386,标准帧,数据帧,8,00 00 00 00 00 00 00 00 
13088,接收, 11:11:45.279 ,0,286,标准帧,数据帧,8,e4 01 00 00 00 00 00 00 
13089,接收, 11:11:45.279 ,0,18F,标准帧,数据帧,8,01 ff 86 f8 80 00 25 00 
13090,接收, 11:11:45.279 ,0,186,标准帧,数据帧,8,0b 00 00 00 00 42 43 00 
13091,接收, 11:11:45.279 ,0,386,标准帧,数据帧,8,00 00 00 00 00 00 00 00 
13092,接收, 11:11:45.279 ,0,206,标准帧,数据帧,8,07 00 00 00 00 00 00 00 
13093,接收, 11:11:45.279 ,0,7B9,标准帧,数据帧,8,0e 02 58 00 00 00 00 00 
13094,接收, 11:11:45.279 ,0,314,标准帧,数据帧,8,01 ff 86 00 00 00 00 00 
13095,接收, 11:11:45.294 ,15,186,标准帧,数据帧,8,0b 00 00 00 00 42 43 00 
13096,接收, 11:11:45.294 ,0,386,标准帧,数据帧,8,00 00 00 00 00 00 00 00 
13097,接收, 11:11:45.294 ,0,206,标准帧,数据帧,8,07 00 00 00 00 00 00 00 
13098,接收, 11:11:45.294 ,0,286,标准帧,数据帧,8,e4 01 00 00 00 00 00 00 
13099,接收, 11:11:45.294 ,0,18F,标准帧,数据帧,8,01 ff 86 f8 44 00 25 00 
13100,接收, 11:11:45.294 ,0,186,标准帧,数据帧,8,0b 00 00 00 00 42 43 00 
13101,接收, 11:11:45.294 ,0,386,标准帧,数据帧,8,00 00 00 00 00 00 00 00 
13102,接收, 11:11:45.294 ,0,206,标准帧,数据帧,8,07 00 00 00 00 00 00 00 
13103,接收, 11:11:45.294 ,0,7B9,标准帧,数据帧,8,0e 02 58 00 00 00 00 00 
13104,接收, 11:11:45.294 ,0,314,标准帧,数据帧,8,01 ff 86 00 00 00 00 00 
13105,接收, 11:11:45.310 ,15,186,标准帧,数据帧,8,0b 00 00 00 00 42 43 00 
13106,接收, 11:11:45.310 ,0,206,标准帧,数据帧,8,07 00 00 00 00 00 00 00 
13107,接收, 11:11:45.310 ,0,386,标准帧,数据帧,8,00 00 00 00 00 00 00 00 
13108,接收, 11:11:45.310 ,0,286,标准帧,数据帧,8,e4 01 ff ff 00 00 00 00 
13109,接收, 11:11:45.310 ,0,18F,标准帧,数据帧,8,01 ff 86 f8 08 00 25 00 
13110,接收, 11:11:45.325 ,15,186,标准帧,数据帧,8,0b 00 00 00 00 42 43 00 
13111,接收, 11:11:45.325 ,0,206,标准帧,数据帧,8,07 00 00 00 00 00 00 00 
13112,接收, 11:11:45.325 ,0,386,标准帧,数据帧,8,00 00 00 00 00 00 00 00 
13113,接收, 11:11:45.325 ,0,7B9,标准帧,数据帧,8,0e 02 58 00 00 00 00 00 
13114,接收, 11:11:45.325 ,0,314,标准帧,数据帧,8,01 ff 86 00 00 00 00 00 
13115,接收, 11:11:45.325 ,0,186,标准帧,数据帧,8,0b 00 00 00 00 42 43 00 
13116,接收, 11:11:45.325 ,0,206,标准帧,数据帧,8,07 00 00 00 00 00 00 00 
13117,接收, 11:11:45.325 ,0,386,标准帧,数据帧,8,00 00 00 00 00 00 00 00 
13118,接收, 11:11:45.325 ,0,286,标准帧,数据帧,8,e4 01 ff ff 00 00 00 00 
13119,接收, 11:11:45.325 ,0,18F,标准帧,数据帧,8,01 ff 86 f7 cc 00 25 00 
13120,接收, 11:11:45.341 ,15,186,标准帧,数据帧,8,0b 00 00 00 00 42 43 00 
13121,接收, 11:11:45.341 ,0,386,标准帧,数据帧,8,00 00 00 00 00 00 00 00 
13122,接收, 11:11:45.341 ,0,206,标准帧,数据帧,8,07 00 00 00 00 00 00 00 
13123,接收, 11:11:45.341 ,0,7B9,标准帧,数据帧,8,0e 02 58 00 00 00 00 00 
13124,接收, 11:11:45.341 ,0,314,标准帧,数据帧,8,01 ff 86 00 00 00 00 00 
13125,接收, 11:11:45.341 ,0,186,标准帧,数据帧,8,0b 00 00 00 00 42 43 00 
13126,接收, 11:11:45.341 ,0,386,标准帧,数据帧,8,00 00 00 00 00 00 00 00 
13127,接收, 11:11:45.341 ,0,206,标准帧,数据帧,8,07 00 00 00 00 00 00 00 
13128,接收, 11:11:45.357 ,15,286,标准帧,数据帧,8,e4 01 00 00 00 00 00 00 
13129,接收, 11:11:45.357 ,0,18F,标准帧,数据帧,8,01 ff 86 f7 cc 00 25 00 
13130,接收, 11:11:45.357 ,0,186,标准帧,数据帧,8,0b 00 00 00 00 42 43 00 
13131,接收, 11:11:45.357 ,0,206,标准帧,数据帧,8,07 00 00 00 00 00 00 00 
13132,接收, 11:11:45.357 ,0,386,标准帧,数据帧,8,00 00 00 00 00 00 00 00 
13133,接收, 11:11:45.357 ,0,7B9,标准帧,数据帧,8,0e 02 58 00 00 00 00 00 
13134,接收, 11:11:45.357 ,0,314,标准帧,数据帧,8,01 ff 86 00 00 00 00 00 
13135,接收, 11:11:45.372 ,15,186,标准帧,数据帧,8,0b 00 00 00 00 42 43 00 
13136,接收, 11:11:45.372 ,0,386,标准帧,数据帧,8,00 00 00 00 00 00 00 00 
13137,接收, 11:11:45.372 ,0,206,标准帧,数据帧,8,07 00 00 00 00 00 00 00 
13138,接收, 11:11:45.372 ,0,286,标准帧,数据帧,8,e4 01 ff ff 00 00 00 00 
13139,接收, 11:11:45.372 ,0,18F,标准帧,数据帧,8,01 ff 86 f8 08 00 25 00 
13140,接收, 11:11:45.372 ,0,186,标准帧,数据帧,8,0b 00 00 00 00 42 43 00 
13141,接收, 11:11:45.372 ,0,206,标准帧,数据帧,8,07 00 00 00 00 00 00 00 
13142,接收, 11:11:45.372 ,0,386,标准帧,数据帧,8,00 00 00 00 00 00 00 00 
13143,接收, 11:11:45.372 ,0,7B9,标准帧,数据帧,8,0e 02 58 00 00 00 00 00 
13144,接收, 11:11:45.372 ,0,314,标准帧,数据帧,8,01 ff 86 00 00 00 00 00 
13145,接收, 11:11:45.388 ,15,186,标准帧,数据帧,8,0b 00 00 00 00 42 43 00 
13146,接收, 11:11:45.388 ,0,386,标准帧,数据帧,8,00 00 00 00 00 00 00 00 
13147,接收, 11:11:45.388 ,0,206,标准帧,数据帧,8,07 00 00 00 00 00 00 00 
13148,接收, 11:11:45.388 ,0,286,标准帧,数据帧,8,e4 01 00 00 00 00 00 00 
13149,接收, 11:11:45.388 ,0,18F,标准帧,数据帧,8,01 ff 86 f7 90 00 25 00 
13150,接收, 11:11:45.388 ,0,186,标准帧,数据帧,8,0b 00 00 00 00 42 43 00 
13151,接收, 11:11:45.388 ,0,386,标准帧,数据帧,8,00 00 00 00 00 00 00 00 
13152,接收, 11:11:45.388 ,0,206,标准帧,数据帧,8,07 00 00 00 00 00 00 00 
13153,接收, 11:11:45.404 ,15,7B9,标准帧,数据帧,8,0e 02 58 00 00 00 00 00 
13154,接收, 11:11:45.404 ,0,314,标准帧,数据帧,8,01 ff 86 00 00 00 00 00 
13155,接收, 11:11:45.419 ,15,186,标准帧,数据帧,8,0b 00 00 00 00 42 43 00 
13156,接收, 11:11:45.419 ,0,386,标准帧,数据帧,8,00 00 00 00 00 00 00 00 
13157,接收, 11:11:45.419 ,0,206,标准帧,数据帧,8,07 00 00 00 00 00 00 00 
13158,接收, 11:11:45.419 ,0,286,标准帧,数据帧,8,e4 01 ff ff 00 00 00 00 
13159,接收, 11:11:45.419 ,0,18F,标准帧,数据帧,8,01 ff 86 f7 90 00 25 00 
13160,接收, 11:11:45.419 ,0,186,标准帧,数据帧,8,0b 00 00 00 00 42 43 00 
13161,接收, 11:11:45.435 ,15,386,标准帧,数据帧,8,00 00 00 00 00 00 00 00 
13162,接收, 11:11:45.435 ,0,206,标准帧,数据帧,8,07 00 00 00 00 00 00 00 
13163,接收, 11:11:45.435 ,0,7B9,标准帧,数据帧,8,0e 02 58 00 00 00 00 00 
13164,接收, 11:11:45.435 ,0,314,标准帧,数据帧,8,01 ff 86 00 00 00 00 00 
13165,接收, 11:11:45.435 ,0,186,标准帧,数据帧,8,0b 00 00 00 00 42 43 00 
13166,接收, 11:11:45.435 ,0,206,标准帧,数据帧,8,07 00 00 00 00 00 00 00 
13167,接收, 11:11:45.435 ,0,386,标准帧,数据帧,8,00 00 00 00 00 00 00 00 
13168,接收, 11:11:45.435 ,0,286,标准帧,数据帧,8,e4 01 ff ff 00 00 00 00 
13169,接收, 11:11:45.435 ,0,18F,标准帧,数据帧,8,01 ff 86 f7 90 00 25 00 
13170,接收, 11:11:45.450 ,15,186,标准帧,数据帧,8,0b 00 00 00 00 42 43 00 
13171,接收, 11:11:45.450 ,0,386,标准帧,数据帧,8,00 00 00 00 00 00 00 00 
13172,接收, 11:11:45.450 ,0,206,标准帧,数据帧,8,07 00 00 00 00 00 00 00 
13173,接收, 11:11:45.450 ,0,7B9,标准帧,数据帧,8,0e 02 58 00 00 00 00 00 
13174,接收, 11:11:45.450 ,0,314,标准帧,数据帧,8,01 ff 86 00 00 00 00 00 
13175,接收, 11:11:45.450 ,0,186,标准帧,数据帧,8,0b 00 00 00 00 42 43 00 
13176,接收, 11:11:45.450 ,0,386,标准帧,数据帧,8,00 00 00 00 00 00 00 00 
13177,接收, 11:11:45.450 ,0,206,标准帧,数据帧,8,07 00 00 00 00 00 00 00 
13178,接收, 11:11:45.466 ,15,286,标准帧,数据帧,8,e4 01 00 00 00 00 00 00 
13179,接收, 11:11:45.466 ,0,18F,标准帧,数据帧,8,01 ff 86 f7 cc 00 25 00 
13180,接收, 11:11:45.466 ,0,186,标准帧,数据帧,8,0b 00 00 00 00 42 43 00 
13181,接收, 11:11:45.466 ,0,206,标准帧,数据帧,8,07 00 00 00 00 00 00 00 
13182,接收, 11:11:45.466 ,0,386,标准帧,数据帧,8,00 00 00 00 00 00 00 00 
13183,接收, 11:11:45.466 ,0,7B9,标准帧,数据帧,8,0e 02 58 00 00 00 00 00 
13184,接收, 11:11:45.466 ,0,314,标准帧,数据帧,8,01 ff 86 00 00 00 00 00 
13185,接收, 11:11:45.482 ,15,186,标准帧,数据帧,8,0b 00 00 00 00 42 43 00 
13186,接收, 11:11:45.482 ,0,206,标准帧,数据帧,8,07 00 00 00 00 00 00 00 
13187,接收, 11:11:45.482 ,0,386,标准帧,数据帧,8,00 00 00 00 00 00 00 00 
13188,接收, 11:11:45.482 ,0,286,标准帧,数据帧,8,e4 01 00 00 00 00 00 00 
13189,接收, 11:11:45.482 ,0,18F,标准帧,数据帧,8,01 ff 86 f7 54 00 25 00 
13190,接收, 11:11:45.482 ,0,186,标准帧,数据帧,8,0b 00 00 00 00 42 43 00 
13191,接收, 11:11:45.482 ,0,206,标准帧,数据帧,8,07 00 00 00 00 00 00 00 
13192,接收, 11:11:45.482 ,0,386,标准帧,数据帧,8,00 00 00 00 00 00 00 00 
13193,接收, 11:11:45.482 ,0,7B9,标准帧,数据帧,8,0e 02 58 00 00 00 00 00 
13194,接收, 11:11:45.482 ,0,314,标准帧,数据帧,8,01 ff 86 00 00 00 00 00 
13195,接收, 11:11:45.497 ,15,186,标准帧,数据帧,8,0b 00 00 00 00 42 43 00 
13196,接收, 11:11:45.497 ,0,386,标准帧,数据帧,8,00 00 00 00 00 00 00 00 
13197,接收, 11:11:45.497 ,0,206,标准帧,数据帧,8,07 00 00 00 00 00 00 00 
13198,接收, 11:11:45.497 ,0,286,标准帧,数据帧,8,e4 01 00 00 00 00 00 00 
13199,接收, 11:11:45.497 ,0,18F,标准帧,数据帧,8,01 ff 86 f7 54 00 25 00 
13200,接收, 11:11:45.497 ,0,186,标准帧,数据帧,8,0b 00 00 00 00 42 43 00 
13201,接收, 11:11:45.497 ,0,206,标准帧,数据帧,8,07 00 00 00 00 00 00 00 
13202,接收, 11:11:45.497 ,0,7B9,标准帧,数据帧,8,0e 02 58 00 00 00 00 00 
13203,接收, 11:11:45.497 ,0,386,标准帧,数据帧,8,00 00 00 00 00 00 00 00 
13204,接收, 11:11:45.497 ,0,314,标准帧,数据帧,8,01 ff 86 00 00 00 00 00 
13205,接收, 11:11:45.513 ,15,186,标准帧,数据帧,8,0b 00 00 00 00 42 43 00 
13206,接收, 11:11:45.513 ,0,206,标准帧,数据帧,8,07 00 00 00 00 00 00 00 
13207,接收, 11:11:45.513 ,0,386,标准帧,数据帧,8,00 00 00 00 00 00 00 00 
13208,接收, 11:11:45.513 ,0,286,标准帧,数据帧,8,e4 01 00 00 00 00 00 00 
13209,接收, 11:11:45.513 ,0,18F,标准帧,数据帧,8,01 ff 86 f7 54 00 25 00 
13210,接收, 11:11:45.513 ,0,186,标准帧,数据帧,8,0b 00 00 00 00 42 43 00 
13211,接收, 11:11:45.513 ,0,206,标准帧,数据帧,8,07 00 00 00 00 00 00 00 
13212,接收, 11:11:45.529 ,15,386,标准帧,数据帧,8,00 00 00 00 00 00 00 00 
13213,接收, 11:11:45.529 ,0,7B9,标准帧,数据帧,8,0e 02 58 00 00 00 00 00 
13214,接收, 11:11:45.529 ,0,314,标准帧,数据帧,8,01 ff 86 00 00 00 00 00 
13215,接收, 11:11:45.529 ,0,186,标准帧,数据帧,8,0b 00 00 00 00 42 43 00 
13216,接收, 11:11:45.529 ,0,206,标准帧,数据帧,8,07 00 00 00 00 00 00 00 
13217,接收, 11:11:45.529 ,0,386,标准帧,数据帧,8,00 00 00 00 00 00 00 00 
13218,接收, 11:11:45.529 ,0,286,标准帧,数据帧,8,e4 01 ff ff 00 00 00 00 
13219,接收, 11:11:45.529 ,0,18F,标准帧,数据帧,8,01 ff 86 f7 18 00 25 00 
13220,接收, 11:11:45.544 ,15,186,标准帧,数据帧,8,0b 00 00 00 00 42 43 00 
13221,接收, 11:11:45.544 ,0,386,标准帧,数据帧,8,00 00 00 00 00 00 00 00 
13222,接收, 11:11:45.544 ,0,206,标准帧,数据帧,8,07 00 00 00 00 00 00 00 
13223,接收, 11:11:45.544 ,0,7B9,标准帧,数据帧,8,0e 02 58 00 00 00 00 00 
13224,接收, 11:11:45.544 ,0,314,标准帧,数据帧,8,01 ff 86 00 00 00 00 00 
13225,接收, 11:11:45.544 ,0,186,标准帧,数据帧,8,0b 00 00 00 00 42 43 00 
13226,接收, 11:11:45.544 ,0,206,标准帧,数据帧,8,07 00 00 00 00 00 00 00 
13227,接收, 11:11:45.544 ,0,386,标准帧,数据帧,8,00 00 00 00 00 00 00 00 
13228,接收, 11:11:45.544 ,0,286,标准帧,数据帧,8,e4 01 ff ff 00 00 00 00 
13229,接收, 11:11:45.544 ,0,18F,标准帧,数据帧,8,01 ff 86 f7 18 00 25 00 
13230,接收, 11:11:45.560 ,15,200,标准帧,数据帧,8,13 32 ff c4 0c c7 0c d0 
13231,接收, 11:11:45.560 ,0,201,标准帧,数据帧,8,0c b2 0f a0 00 15 00 51 
13232,接收, 11:11:45.560 ,0,202,标准帧,数据帧,8,00 00 00 03 0b a5 0b 9b 
13233,接收, 11:11:45.560 ,0,186,标准帧,数据帧,8,0b 00 00 00 00 42 43 00 
13234,接收, 11:11:45.560 ,0,386,标准帧,数据帧,8,00 00 00 00 00 00 00 00 
13235,接收, 11:11:45.560 ,0,206,标准帧,数据帧,8,07 00 00 00 00 00 00 00 
13236,接收, 11:11:45.560 ,0,7B9,标准帧,数据帧,8,0e 02 58 00 00 00 00 00 
13237,接收, 11:11:45.560 ,0,314,标准帧,数据帧,8,01 ff 86 00 00 00 00 00 
13238,接收, 11:11:45.560 ,0,186,标准帧,数据帧,8,0b 00 00 00 00 42 43 00 
13239,接收, 11:11:45.560 ,0,206,标准帧,数据帧,8,07 00 00 00 00 00 00 00 
13240,接收, 11:11:45.560 ,0,386,标准帧,数据帧,8,00 00 00 00 00 00 00 00 
13241,接收, 11:11:45.575 ,15,286,标准帧,数据帧,8,e3 01 00 00 00 00 00 00 
13242,接收, 11:11:45.575 ,0,18F,标准帧,数据帧,8,01 ff 86 f7 54 00 25 00 
13243,接收, 11:11:45.575 ,0,186,标准帧,数据帧,8,0b 00 00 00 00 42 43 00 
13244,接收, 11:11:45.575 ,0,386,标准帧,数据帧,8,00 00 00 00 00 00 00 00 
13245,接收, 11:11:45.575 ,0,206,标准帧,数据帧,8,07 00 00 00 00 00 00 00 
13246,接收, 11:11:45.575 ,0,7B9,标准帧,数据帧,8,0e 02 58 00 00 00 00 00 
13247,接收, 11:11:45.575 ,0,314,标准帧,数据帧,8,01 ff 86 00 00 00 00 00 
13248,接收, 11:11:45.591 ,15,186,标准帧,数据帧,8,0b 00 00 00 00 42 43 00 
13249,接收, 11:11:45.607 ,15,386,标准帧,数据帧,8,00 00 00 00 00 00 00 00 
13250,接收, 11:11:45.607 ,0,206,标准帧,数据帧,8,07 00 00 00 00 00 00 00 
13251,接收, 11:11:45.607 ,0,286,标准帧,数据帧,8,e4 01 00 00 00 00 00 00 
13252,接收, 11:11:45.607 ,0,18F,标准帧,数据帧,8,01 ff 86 f6 dc 00 25 00 
13253,接收, 11:11:45.607 ,0,186,标准帧,数据帧,8,0b 00 00 00 00 42 43 00 
13254,接收, 11:11:45.607 ,0,206,标准帧,数据帧,8,07 00 00 00 00 00 00 00 
13255,接收, 11:11:45.607 ,0,386,标准帧,数据帧,8,00 00 00 00 00 00 00 00 
13256,接收, 11:11:45.607 ,0,7B9,标准帧,数据帧,8,0e 02 58 00 00 00 00 00 
13257,接收, 11:11:45.607 ,0,314,标准帧,数据帧,8,01 ff 86 00 00 00 00 00 
13258,接收, 11:11:45.622 ,15,186,标准帧,数据帧,8,0b 00 00 00 00 42 43 00 
13259,接收, 11:11:45.622 ,0,206,标准帧,数据帧,8,07 00 00 00 00 00 00 00 
13260,接收, 11:11:45.622 ,0,386,标准帧,数据帧,8,00 00 00 00 00 00 00 00 
13261,接收, 11:11:45.622 ,0,286,标准帧,数据帧,8,e4 01 00 00 00 00 00 00 
13262,接收, 11:11:45.622 ,0,18F,标准帧,数据帧,8,01 ff 86 f7 18 00 25 00 
13263,接收, 11:11:45.622 ,0,186,标准帧,数据帧,8,0b 00 00 00 00 42 43 00 
13264,接收, 11:11:45.622 ,0,206,标准帧,数据帧,8,07 00 00 00 00 00 00 00 
13265,接收, 11:11:45.622 ,0,386,标准帧,数据帧,8,00 00 00 00 00 00 00 00 
13266,接收, 11:11:45.622 ,0,7B9,标准帧,数据帧,8,0e 02 58 00 00 00 00 00 
13267,接收, 11:11:45.622 ,0,314,标准帧,数据帧,8,01 ff 86 00 00 00 00 00 
13268,接收, 11:11:45.638 ,15,186,标准帧,数据帧,8,0b 00 00 00 00 42 43 00 
13269,接收, 11:11:45.638 ,0,206,标准帧,数据帧,8,07 00 00 00 00 00 00 00 
13270,接收, 11:11:45.638 ,0,386,标准帧,数据帧,8,00 00 00 00 00 00 00 00 
13271,接收, 11:11:45.638 ,0,286,标准帧,数据帧,8,e4 01 ff ff 00 00 00 00 
13272,接收, 11:11:45.638 ,0,18F,标准帧,数据帧,8,01 ff 86 f6 dc 00 25 00 
13273,接收, 11:11:45.638 ,0,186,标准帧,数据帧,8,0b 00 00 00 00 42 43 00 
13274,接收, 11:11:45.638 ,0,386,标准帧,数据帧,8,00 00 00 00 00 00 00 00 
13275,接收, 11:11:45.638 ,0,206,标准帧,数据帧,8,07 00 00 00 00 00 00 00 
13276,接收, 11:11:45.638 ,0,7B9,标准帧,数据帧,8,0e 02 58 00 00 00 00 00 
13277,接收, 11:11:45.638 ,0,314,标准帧,数据帧,8,01 ff 86 00 00 00 00 00 
13278,接收, 11:11:45.653 ,15,186,标准帧,数据帧,8,0b 00 00 00 00 42 43 00 
13279,接收, 11:11:45.653 ,0,206,标准帧,数据帧,8,07 00 00 00 00 00 00 00 
13280,接收, 11:11:45.653 ,0,386,标准帧,数据帧,8,00 00 00 00 00 00 00 00 
13281,接收, 11:11:45.653 ,0,286,标准帧,数据帧,8,e4 01 00 00 00 00 00 00 
13282,接收, 11:11:45.653 ,0,18F,标准帧,数据帧,8,01 ff 86 f6 dc 00 25 00 
13283,接收, 11:11:45.653 ,0,186,标准帧,数据帧,8,0b 00 00 00 00 42 43 00 
13284,接收, 11:11:45.669 ,15,206,标准帧,数据帧,8,07 00 00 00 00 00 00 00 
13285,接收, 11:11:45.669 ,0,386,标准帧,数据帧,8,00 00 00 00 00 00 00 00 
13286,接收, 11:11:45.669 ,0,7B9,标准帧,数据帧,8,0e 02 58 00 00 00 00 00 
13287,接收, 11:11:45.669 ,0,314,标准帧,数据帧,8,01 ff 86 00 00 00 00 00 
13288,接收, 11:11:45.669 ,0,186,标准帧,数据帧,8,0b 00 00 00 00 42 43 00 
13289,接收, 11:11:45.669 ,0,386,标准帧,数据帧,8,00 00 00 00 00 00 00 00 
13290,接收, 11:11:45.669 ,0,206,标准帧,数据帧,8,07 00 00 00 00 00 00 00 
13291,接收, 11:11:45.669 ,0,286,标准帧,数据帧,8,e3 01 ff ff 00 00 00 00 
13292,接收, 11:11:45.669 ,0,18F,标准帧,数据帧,8,01 ff 86 f6 a0 00 25 00 
13293,接收, 11:11:45.685 ,15,186,标准帧,数据帧,8,0b 00 00 00 00 42 43 00 
13294,接收, 11:11:45.685 ,0,386,标准帧,数据帧,8,00 00 00 00 00 00 00 00 
13295,接收, 11:11:45.685 ,0,206,标准帧,数据帧,8,07 00 00 00 00 00 00 00 
13296,接收, 11:11:45.685 ,0,7B9,标准帧,数据帧,8,0e 02 58 00 00 00 00 00 
13297,接收, 11:11:45.685 ,0,314,标准帧,数据帧,8,01 ff 86 00 00 00 00 00 
13298,接收, 11:11:45.685 ,0,186,标准帧,数据帧,8,0b 00 00 00 00 42 43 00 
13299,接收, 11:11:45.685 ,0,386,标准帧,数据帧,8,00 00 00 00 00 00 00 00 
13300,接收, 11:11:45.685 ,0,206,标准帧,数据帧,8,07 00 00 00 00 00 00 00 
13301,接收, 11:11:45.685 ,0,286,标准帧,数据帧,8,e4 01 ff ff 00 00 00 00 
13302,接收, 11:11:45.685 ,0,18F,标准帧,数据帧,8,01 ff 85 f8 bc 00 25 00 
13303,接收, 11:11:45.700 ,15,186,标准帧,数据帧,8,0b 00 00 00 00 42 43 00 
13304,接收, 11:11:45.700 ,0,386,标准帧,数据帧,8,00 00 00 00 00 00 00 00 
13305,接收, 11:11:45.700 ,0,206,标准帧,数据帧,8,07 00 00 00 00 00 00 00 
13306,接收, 11:11:45.700 ,0,7B9,标准帧,数据帧,8,0e 02 58 00 00 00 00 00 
13307,接收, 11:11:45.700 ,0,314,标准帧,数据帧,8,01 ff 86 00 00 00 00 00 
13308,接收, 11:11:45.700 ,0,186,标准帧,数据帧,8,0b 00 00 00 00 42 43 00 
13309,接收, 11:11:45.700 ,0,206,标准帧,数据帧,8,07 00 00 00 00 00 00 00 
13310,接收, 11:11:45.700 ,0,386,标准帧,数据帧,8,00 00 00 00 00 00 00 00 
13311,接收, 11:11:45.700 ,0,286,标准帧,数据帧,8,e4 01 00 00 00 00 00 00 
13312,接收, 11:11:45.700 ,0,18F,标准帧,数据帧,8,01 ff 85 f9 34 00 25 00 
13313,接收, 11:11:45.724 ,22,186,标准帧,数据帧,8,0b 00 00 00 00 42 43 00 
13314,接收, 11:11:45.724 ,0,206,标准帧,数据帧,8,07 00 00 00 00 00 00 00 
13315,接收, 11:11:45.724 ,0,7B9,标准帧,数据帧,8,0e 02 58 00 00 00 00 00 
13316,接收, 11:11:45.724 ,0,386,标准帧,数据帧,8,00 00 00 00 00 00 00 00 
13317,接收, 11:11:45.724 ,0,314,标准帧,数据帧,8,01 ff 86 00 00 00 00 00 
13318,接收, 11:11:45.724 ,0,186,标准帧,数据帧,8,0b 00 00 00 00 42 43 00 
13319,接收, 11:11:45.724 ,0,206,标准帧,数据帧,8,07 00 00 00 00 00 00 00 
13320,接收, 11:11:45.724 ,0,386,标准帧,数据帧,8,00 00 00 00 00 00 00 00 
13321,接收, 11:11:45.724 ,0,286,标准帧,数据帧,8,e4 01 ff ff 00 00 00 00 
13322,接收, 11:11:45.724 ,0,18F,标准帧,数据帧,8,01 ff 85 fd 30 00 25 00 
13323,接收, 11:11:45.755 ,31,186,标准帧,数据帧,8,0b 00 00 00 00 42 43 00 
13324,接收, 11:11:45.755 ,0,386,标准帧,数据帧,8,00 00 00 00 00 00 00 00 
13325,接收, 11:11:45.755 ,0,206,标准帧,数据帧,8,07 00 00 00 00 00 00 00 
13326,接收, 11:11:45.755 ,0,7B9,标准帧,数据帧,8,0e 02 58 00 00 00 00 00 
13327,接收, 11:11:45.755 ,0,314,标准帧,数据帧,8,01 ff 86 00 00 00 00 00 
13328,接收, 11:11:45.755 ,0,186,标准帧,数据帧,8,0b 00 00 00 00 42 43 00 
13329,接收, 11:11:45.755 ,0,206,标准帧,数据帧,8,07 00 00 00 00 00 00 00 
13330,接收, 11:11:45.755 ,0,386,标准帧,数据帧,8,00 00 00 00 00 00 00 00 
13331,接收, 11:11:45.755 ,0,286,标准帧,数据帧,8,e4 01 00 00 00 00 00 00 
13332,接收, 11:11:45.755 ,0,18F,标准帧,数据帧,8,01 ff 85 ff 4c 00 25 00 
13333,接收, 11:11:45.755 ,0,186,标准帧,数据帧,8,0b 00 00 00 00 42 43 00 
13334,接收, 11:11:45.755 ,0,206,标准帧,数据帧,8,07 00 00 00 00 00 00 00 
13335,接收, 11:11:45.755 ,0,386,标准帧,数据帧,8,00 00 00 00 00 00 00 00 
13336,接收, 11:11:45.755 ,0,7B9,标准帧,数据帧,8,0e 02 58 00 00 00 00 00 
13337,接收, 11:11:45.755 ,0,314,标准帧,数据帧,8,01 ff 86 00 00 00 00 00 
13338,接收, 11:11:45.770 ,15,186,标准帧,数据帧,8,0b 00 00 00 00 42 43 00 
13339,接收, 11:11:45.786 ,15,386,标准帧,数据帧,8,00 00 00 00 00 00 00 00 
13340,接收, 11:11:45.786 ,0,206,标准帧,数据帧,8,07 00 00 00 00 00 00 00 
13341,接收, 11:11:45.786 ,0,286,标准帧,数据帧,8,e4 01 ff ff 00 00 00 00 
13342,接收, 11:11:45.786 ,0,18F,标准帧,数据帧,8,01 ff 85 ff 10 00 25 00 
13343,接收, 11:11:45.786 ,0,186,标准帧,数据帧,8,0b 00 00 00 00 42 43 00 
13344,接收, 11:11:45.786 ,0,206,标准帧,数据帧,8,07 00 00 00 00 00 00 00 
13345,接收, 11:11:45.786 ,0,386,标准帧,数据帧,8,00 00 00 00 00 00 00 00 
13346,接收, 11:11:45.786 ,0,7B9,标准帧,数据帧,8,0e 02 58 00 00 00 00 00 
13347,接收, 11:11:45.786 ,0,314,标准帧,数据帧,8,01 ff 86 00 00 00 00 00 
13348,接收, 11:11:45.802 ,15,186,标准帧,数据帧,8,0b 00 00 00 00 42 43 00 
13349,接收, 11:11:45.802 ,0,386,标准帧,数据帧,8,00 00 00 00 00 00 00 00 
13350,接收, 11:11:45.802 ,0,206,标准帧,数据帧,8,07 00 00 00 00 00 00 00 
13351,接收, 11:11:45.802 ,0,286,标准帧,数据帧,8,e4 01 00 00 00 00 00 00 
13352,接收, 11:11:45.802 ,0,18F,标准帧,数据帧,8,01 ff 85 01 2c 00 25 00 
13353,接收, 11:11:45.802 ,0,186,标准帧,数据帧,8,0b 00 00 00 00 42 43 00 
13354,接收, 11:11:45.802 ,0,206,标准帧,数据帧,8,07 00 00 00 00 00 00 00 
13355,接收, 11:11:45.802 ,0,386,标准帧,数据帧,8,00 00 00 00 00 00 00 00 
13356,接收, 11:11:45.802 ,0,7B9,标准帧,数据帧,8,0e 02 58 00 00 00 00 00 
13357,接收, 11:11:45.802 ,0,314,标准帧,数据帧,8,01 ff 86 00 00 00 00 00 
13358,接收, 11:11:45.817 ,15,186,标准帧,数据帧,8,0b 00 00 00 00 42 43 00 
13359,接收, 11:11:45.817 ,0,386,标准帧,数据帧,8,00 00 00 00 00 00 00 00 
13360,接收, 11:11:45.817 ,0,206,标准帧,数据帧,8,07 00 00 00 00 00 00 00 
13361,接收, 11:11:45.817 ,0,286,标准帧,数据帧,8,e4 01 00 00 00 00 00 00 
13362,接收, 11:11:45.817 ,0,18F,标准帧,数据帧,8,01 ff 86 01 68 00 25 00 
13363,接收, 11:11:45.817 ,0,186,标准帧,数据帧,8,0b 00 00 00 00 42 43 00 
13364,接收, 11:11:45.817 ,0,206,标准帧,数据帧,8,07 00 00 00 00 00 00 00 
13365,接收, 11:11:45.833 ,15,7B9,标准帧,数据帧,8,0e 02 58 00 00 00 00 00 
13366,接收, 11:11:45.833 ,0,386,标准帧,数据帧,8,00 00 00 00 00 00 00 00 
13367,接收, 11:11:45.833 ,0,314,标准帧,数据帧,8,01 ff 86 00 00 00 00 00 
13368,接收, 11:11:45.833 ,0,186,标准帧,数据帧,8,0b 00 00 00 00 42 43 00 
13369,接收, 11:11:45.833 ,0,206,标准帧,数据帧,8,07 00 00 00 00 00 00 00 
13370,接收, 11:11:45.833 ,0,386,标准帧,数据帧,8,00 00 00 00 00 00 00 00 
13371,接收, 11:11:45.833 ,0,286,标准帧,数据帧,8,e4 01 ff ff 00 00 00 00 
13372,接收, 11:11:45.833 ,0,18F,标准帧,数据帧,8,01 ff 86 00 f0 00 25 00 
13373,接收, 11:11:45.849 ,15,186,标准帧,数据帧,8,0b 00 00 00 00 42 43 00 
13374,接收, 11:11:45.849 ,0,386,标准帧,数据帧,8,00 00 00 00 00 00 00 00 
13375,接收, 11:11:45.849 ,0,206,标准帧,数据帧,8,07 00 00 00 00 00 00 00 
13376,接收, 11:11:45.849 ,0,7B9,标准帧,数据帧,8,0e 02 58 00 00 00 00 00 
13377,接收, 11:11:45.849 ,0,314,标准帧,数据帧,8,01 ff 86 00 00 00 00 00 
13378,接收, 11:11:45.849 ,0,186,标准帧,数据帧,8,0b 00 00 00 00 42 43 00 
13379,接收, 11:11:45.849 ,0,206,标准帧,数据帧,8,07 00 00 00 00 00 00 00 
13380,接收, 11:11:45.849 ,0,386,标准帧,数据帧,8,00 00 00 00 00 00 00 00 
13381,接收, 11:11:45.849 ,0,286,标准帧,数据帧,8,e4 01 ff ff 00 00 00 00 
13382,接收, 11:11:45.849 ,0,18F,标准帧,数据帧,8,01 ff 86 01 68 00 25 00 
13383,接收, 11:11:45.864 ,15,186,标准帧,数据帧,8,0b 00 00 00 00 42 43 00 
13384,接收, 11:11:45.864 ,0,206,标准帧,数据帧,8,07 00 00 00 00 00 00 00 
13385,接收, 11:11:45.864 ,0,7B9,标准帧,数据帧,8,0e 02 58 00 00 00 00 00 
13386,接收, 11:11:45.864 ,0,386,标准帧,数据帧,8,00 00 00 00 00 00 00 00 
13387,接收, 11:11:45.864 ,0,314,标准帧,数据帧,8,01 ff 86 00 00 00 00 00 
13388,接收, 11:11:45.864 ,0,186,标准帧,数据帧,8,0b 00 00 00 00 42 43 00 
13389,接收, 11:11:45.864 ,0,206,标准帧,数据帧,8,07 00 00 00 00 00 00 00 
13390,接收, 11:11:45.864 ,0,386,标准帧,数据帧,8,00 00 00 00 00 00 00 00 
13391,接收, 11:11:45.864 ,0,286,标准帧,数据帧,8,e4 01 ff ff 00 00 00 00 
13392,接收, 11:11:45.864 ,0,18F,标准帧,数据帧,8,01 ff 86 02 1c 00 25 00 
13393,接收, 11:11:45.880 ,15,186,标准帧,数据帧,8,0b 00 00 00 00 42 43 00 
13394,接收, 11:11:45.880 ,0,206,标准帧,数据帧,8,07 00 00 00 00 00 00 00 
13395,接收, 11:11:45.880 ,0,7B9,标准帧,数据帧,8,0e 02 58 00 00 00 00 00 
13396,接收, 11:11:45.880 ,0,386,标准帧,数据帧,8,00 00 00 00 00 00 00 00 
13397,接收, 11:11:45.880 ,0,314,标准帧,数据帧,8,01 ff 86 00 00 00 00 00 
13398,接收, 11:11:45.880 ,0,186,标准帧,数据帧,8,0b 00 00 00 00 42 43 00 
13399,接收, 11:11:45.880 ,0,386,标准帧,数据帧,8,00 00 00 00 00 00 00 00 
13400,接收, 11:11:45.880 ,0,206,标准帧,数据帧,8,07 00 00 00 00 00 00 00 
13401,接收, 11:11:45.880 ,0,286,标准帧,数据帧,8,e4 01 ff ff 00 00 00 00 
13402,接收, 11:11:45.880 ,0,18F,标准帧,数据帧,8,01 ff 86 02 58 00 25 00 
13403,接收, 11:11:45.911 ,31,186,标准帧,数据帧,8,0b 00 00 00 00 42 43 00 
13404,接收, 11:11:45.911 ,0,386,标准帧,数据帧,8,00 00 00 00 00 00 00 00 
13405,接收, 11:11:45.911 ,0,206,标准帧,数据帧,8,07 00 00 00 00 00 00 00 
13406,接收, 11:11:45.911 ,0,7B9,标准帧,数据帧,8,0e 02 58 00 00 00 00 00 
13407,接收, 11:11:45.911 ,0,314,标准帧,数据帧,8,01 ff 86 00 00 00 00 00 
13408,接收, 11:11:45.911 ,0,186,标准帧,数据帧,8,0b 00 00 00 00 42 43 00 
13409,接收, 11:11:45.911 ,0,386,标准帧,数据帧,8,00 00 00 00 00 00 00 00 
13410,接收, 11:11:45.911 ,0,206,标准帧,数据帧,8,07 00 00 00 00 00 00 00 
13411,接收, 11:11:45.926 ,15,286,标准帧,数据帧,8,e4 01 ff ff 00 00 00 00 
13412,接收, 11:11:45.926 ,0,18F,标准帧,数据帧,8,01 ff 86 02 94 00 25 00 
13413,接收, 11:11:45.926 ,0,186,标准帧,数据帧,8,0b 00 00 00 00 42 43 00 
13414,接收, 11:11:45.926 ,0,206,标准帧,数据帧,8,07 00 00 00 00 00 00 00 
13415,接收, 11:11:45.926 ,0,386,标准帧,数据帧,8,00 00 00 00 00 00 00 00 
13416,接收, 11:11:45.926 ,0,7B9,标准帧,数据帧,8,0e 02 58 00 00 00 00 00 
13417,接收, 11:11:45.926 ,0,314,标准帧,数据帧,8,01 ff 86 00 00 00 00 00 
13418,接收, 11:11:45.926 ,0,186,标准帧,数据帧,8,0b 00 00 00 00 42 43 00 
13419,接收, 11:11:45.926 ,0,206,标准帧,数据帧,8,07 00 00 00 00 00 00 00 
13420,接收, 11:11:45.926 ,0,386,标准帧,数据帧,8,00 00 00 00 00 00 00 00 
13421,接收, 11:11:45.935 ,8,286,标准帧,数据帧,8,e4 01 ff ff 00 00 00 00 
13422,接收, 11:11:45.935 ,0,18F,标准帧,数据帧,8,01 ff 86 02 94 00 25 00 
13423,接收, 11:11:45.935 ,0,186,标准帧,数据帧,8,0b 00 00 00 00 42 43 00 
13424,接收, 11:11:45.935 ,0,386,标准帧,数据帧,8,00 00 00 00 00 00 00 00 
13425,接收, 11:11:45.935 ,0,206,标准帧,数据帧,8,07 00 00 00 00 00 00 00 
13426,接收, 11:11:45.935 ,0,7B9,标准帧,数据帧,8,0e 02 58 00 00 00 00 00 
13427,接收, 11:11:45.935 ,0,314,标准帧,数据帧,8,01 ff 86 00 00 00 00 00 
13428,接收, 11:11:45.953 ,17,186,标准帧,数据帧,8,0b 00 00 00 00 42 43 00 
13429,接收, 11:11:45.953 ,0,386,标准帧,数据帧,8,00 00 00 00 00 00 00 00 
13430,接收, 11:11:45.953 ,0,206,标准帧,数据帧,8,07 00 00 00 00 00 00 00 
13431,接收, 11:11:45.953 ,0,286,标准帧,数据帧,8,e4 01 ff ff 00 00 00 00 
13432,接收, 11:11:45.953 ,0,18F,标准帧,数据帧,8,01 ff 86 02 94 00 25 00 
13433,接收, 11:11:45.953 ,0,186,标准帧,数据帧,8,0b 00 00 00 00 42 43 00 
13434,接收, 11:11:45.953 ,0,206,标准帧,数据帧,8,07 00 00 00 00 00 00 00 
13435,接收, 11:11:45.953 ,0,7B9,标准帧,数据帧,8,0e 02 58 00 00 00 00 00 
13436,接收, 11:11:45.953 ,0,386,标准帧,数据帧,8,00 00 00 00 00 00 00 00 
13437,接收, 11:11:45.953 ,0,314,标准帧,数据帧,8,01 ff 86 00 00 00 00 00 
13438,接收, 11:11:45.971 ,17,186,标准帧,数据帧,8,0b 00 00 00 00 42 43 00 
13439,接收, 11:11:45.971 ,0,206,标准帧,数据帧,8,07 00 00 00 00 00 00 00 
13440,接收, 11:11:45.971 ,0,386,标准帧,数据帧,8,00 00 00 00 00 00 00 00 
13441,接收, 11:11:45.971 ,0,286,标准帧,数据帧,8,e4 01 ff ff 00 00 00 00 
13442,接收, 11:11:45.971 ,0,18F,标准帧,数据帧,8,01 ff 86 02 94 00 25 00 
13443,接收, 11:11:45.971 ,0,186,标准帧,数据帧,8,0b 00 00 00 00 42 43 00 
13444,接收, 11:11:45.971 ,0,206,标准帧,数据帧,8,07 00 00 00 00 00 00 00 
13445,接收, 11:11:45.971 ,0,386,标准帧,数据帧,8,00 00 00 00 00 00 00 00 
13446,接收, 11:11:45.971 ,0,7B9,标准帧,数据帧,8,0e 02 58 00 00 00 00 00 
13447,接收, 11:11:45.971 ,0,314,标准帧,数据帧,8,01 ff 86 00 00 00 00 00 
13448,接收, 11:11:45.989 ,17,186,标准帧,数据帧,8,0b 00 00 00 00 42 43 00 
13449,接收, 11:11:45.989 ,0,386,标准帧,数据帧,8,00 00 00 00 00 00 00 00 
13450,接收, 11:11:45.989 ,0,206,标准帧,数据帧,8,07 00 00 00 00 00 00 00 
13451,接收, 11:11:45.989 ,0,286,标准帧,数据帧,8,e4 01 00 00 00 00 00 00 
13452,接收, 11:11:45.989 ,0,18F,标准帧,数据帧,8,01 ff 86 02 d0 00 25 00 
13453,接收, 11:11:45.989 ,0,186,标准帧,数据帧,8,0b 00 00 00 00 42 43 00 
13454,接收, 11:11:45.989 ,0,206,标准帧,数据帧,8,07 00 00 00 00 00 00 00 
13455,接收, 11:11:45.989 ,0,7B9,标准帧,数据帧,8,0e 02 58 00 00 00 00 00 
13456,接收, 11:11:45.989 ,0,386,标准帧,数据帧,8,00 00 00 00 00 00 00 00 
